ISIN,FIGI,Bloomberg Ticker,Name,SEDOL,TEMPERATURE_RATING_SCOPE_1_2.VALUE,TEMPERATURE_RATING_SCOPE_3.VALUE,FINANCED_EMISSIONS_INTENSITY_SCOPE_1_2.VALUE,FINANCED_EMISSIONS_INTENSITY_SCOPE_3.VALUE,TOTAL_FINANCED_EMISSIONS_SCOPE_1_2.VALUE,TOTAL_FINANCED_EMISSIONS_SCOPE_3.VALUE,WEIGHTED_AVERAGE_CARBON_INTENSITY_SCOPE_1_2.VALUE,WEIGHTED_AVERAGE_CARBON_INTENSITY_SCOPE_3.VALUE,ANALYTICINDEPBOARD.SCORE,ANALYTICINDEPBOARD.RELEVANCE,GENDER_PAY_GAP_PERCENTAGE.SCORE,GENDER_PAY_GAP_PERCENTAGE.RELEVANCE,GOVERNANCE.SCORE,GOVERNANCE.RELEVANCE,LOBBYING_AND_PUBLIC_POLICY.SCORE,LOBBYING_AND_PUBLIC_POLICY.RELEVANCE,ENVIRONMENTAL.SCORE,ENVIRONMENTAL.RELEVANCE,SOCIAL_IMPACT_OF_PRODUCTS.SCORE,SOCIAL_IMPACT_OF_PRODUCTS.RELEVANCE,MARKETING_PRACTICES.SCORE,MARKETING_PRACTICES.RELEVANCE,SOCIETY_HUMAN_RIGHTS.SCORE,SOCIETY_HUMAN_RIGHTS.RELEVANCE,ENVIRONMENTAL_IMPACT_OF_PRODUCTS.SCORE,ENVIRONMENTAL_IMPACT_OF_PRODUCTS.RELEVANCE,TARGETS_EMISSIONS.SCORE,TARGETS_EMISSIONS.RELEVANCE,LABOUR_RELATIONS.SCORE,LABOUR_RELATIONS.RELEVANCE,SOCIAL.SCORE,SOCIAL.RELEVANCE,NET_ZERO_EMISSIONS_TARGET.SCORE,NET_ZERO_EMISSIONS_TARGET.RELEVANCE,ANALYTICNONEXECBOARD.SCORE,ANALYTICNONEXECBOARD.RELEVANCE,BRIBERY_AND_CORRUPTION.SCORE,BRIBERY_AND_CORRUPTION.RELEVANCE,BIODIVERSITY_IMPACT_REDUCTION.SCORE,BIODIVERSITY_IMPACT_REDUCTION.RELEVANCE,ANALYTICBOARDFEMALE.SCORE,ANALYTICBOARDFEMALE.RELEVANCE
US4642882579,BBG000TH6VB3,ACWI US EQUITY,iShares MSCI ACWI ETF,B2QKQH6,2.2239273,2.4766395,43.30277,560.81976,43.101963,557.7617,121.404106,865.9952,77.0,99.0,42.0,56.0,76.0,97.0,91.0,100.0,66.0,91.0,79.0,100.0,77.0,100.0,87.0,100.0,84.0,100.0,89.0,98.0,65.0,99.0,59.0,88.0,59.0,29.0,75.0,99.0,90.0,100.0,77.0,86.0,56.0,99.0
US4614181620,BBG003569W59,AFNIX US EQUITY,Bahl & Gaynor Income Growth Fund,B7T7NR8,2.3877585,2.8172624,63.54752,281.2544,62.76847,277.80643,289.8028,812.55853,88.0,100.0,35.0,43.0,81.0,98.0,85.0,100.0,65.0,91.0,65.0,100.0,63.0,100.0,77.0,99.0,80.0,100.0,97.0,96.0,52.0,100.0,62.0,87.0,57.0,27.0,81.0,100.0,90.0,100.0,82.0,85.0,58.0,100.0
US4642872265,BBG000Q123R0,AGG US EQUITY,iShares Core U.S. Aggregate Bond ETF,2897404,2.1996603,2.5997171,63.916645,429.18417,16.38413,105.8442,227.19981,1432.0908,79.0,95.0,33.0,42.0,69.0,96.0,92.0,99.0,59.0,96.0,73.0,100.0,74.0,100.0,84.0,100.0,82.0,100.0,88.0,94.0,65.0,99.0,62.0,91.0,63.0,33.0,74.0,96.0,90.0,99.0,80.0,90.0,55.0,97.0
US04045F3459,BBG01HPQPL57,AIQQX US EQUITY,Aristotle Value Equity Fund,-,2.7260406,2.6144097,35.912796,196.47964,35.568214,194.59444,159.73114,610.83777,86.0,99.0,35.0,32.0,79.0,97.0,95.0,100.0,63.0,91.0,85.0,100.0,73.0,100.0,88.0,100.0,86.0,100.0,87.0,99.0,60.0,100.0,55.0,84.0,44.0,34.0,77.0,99.0,97.0,99.0,77.0,100.0,56.0,99.0
US4613081086,BBG000BBRQG8,AIVSX US EQUITY,Investment Company of America/The,2466945,2.0653987,2.3195052,28.965723,639.65704,27.890627,616.6303,93.79449,1104.9282,83.0,100.0,53.0,63.0,77.0,98.0,92.0,100.0,65.0,92.0,68.0,99.0,66.0,99.0,90.0,100.0,84.0,100.0,90.0,99.0,55.0,100.0,59.0,89.0,56.0,20.0,74.0,100.0,90.0,100.0,73.0,69.0,59.0,100.0
US7429351254,BBG000BCRTD3,AKRIX US EQUITY,Akre Focus Fund,B3ZN361,2.5898857,2.915063,1.0683593,12.260372,1.020782,11.714381,8.569184,80.00525,77.0,99.0,20.0,30.0,73.0,94.0,100.0,100.0,61.0,84.0,100.0,100.0,96.0,100.0,,0.0,100.0,100.0,100.0,100.0,80.0,100.0,48.0,73.0,78.0,51.0,71.0,99.0,96.0,99.0,50.0,0.0,54.0,99.0
US4642898757,BBG000KD5M13,AOM US EQUITY,iShares Core 40/60 Moderate Allocation ETF,B3FFSG2,2.2191532,2.5911002,64.1463,610.1568,38.630707,354.47272,155.09969,1234.4529,74.0,97.0,39.0,50.0,72.0,95.0,93.0,99.0,62.0,92.0,80.0,99.0,78.0,100.0,89.0,99.0,85.0,99.0,85.0,95.0,68.0,100.0,60.0,89.0,60.0,30.0,74.0,98.0,91.0,100.0,78.0,86.0,55.0,98.0
US04314H6678,BBG0065XJJ51,APDKX US EQUITY,Artisan International Value Fund,BLTVVP2,2.0436928,2.2723465,58.20358,559.794,45.268,435.3814,111.89296,1191.2069,77.0,99.0,38.0,62.0,82.0,97.0,100.0,100.0,69.0,93.0,89.0,99.0,89.0,100.0,100.0,100.0,87.0,100.0,100.0,100.0,80.0,100.0,65.0,91.0,73.0,42.0,78.0,99.0,89.0,99.0,96.0,100.0,59.0,99.0
US04314H8575,BBG001Q9RM92,APHKX US EQUITY,Artisan International Value Fund,B662BV9,2.0436928,2.2723465,58.20358,559.794,45.268,435.3814,111.89296,1191.2069,77.0,99.0,38.0,62.0,82.0,97.0,100.0,100.0,69.0,93.0,89.0,99.0,89.0,100.0,100.0,100.0,87.0,100.0,100.0,100.0,80.0,100.0,65.0,91.0,73.0,42.0,78.0,99.0,89.0,99.0,96.0,100.0,59.0,99.0
US04314H8815,BBG000P8N8B9,ARTKX US EQUITY,Artisan International Value Fund,B0BX2C3,2.0436928,2.2723465,58.20358,559.794,45.268,435.3814,111.89296,1191.2069,77.0,99.0,38.0,62.0,82.0,97.0,100.0,100.0,69.0,93.0,89.0,99.0,89.0,100.0,100.0,100.0,87.0,100.0,100.0,100.0,80.0,100.0,65.0,91.0,73.0,42.0,78.0,99.0,89.0,99.0,96.0,100.0,59.0,99.0
US0250728518,BBG00QLF9TV8,AVDEX US EQUITY,Avantis International Equity Fund,-,1.9864308,2.4313328,107.99808,904.2952,105.63878,883.7744,155.5396,1422.9229,66.0,98.0,33.0,59.0,75.0,94.0,94.0,100.0,66.0,90.0,94.0,99.0,88.0,99.0,91.0,99.0,89.0,100.0,92.0,94.0,86.0,99.0,64.0,90.0,67.0,39.0,70.0,98.0,94.0,99.0,90.0,93.0,56.0,98.0
US0250728690,BBG00QLF9TQ4,AVEEX US EQUITY,Avantis Emerging Markets Equity Fund,-,2.7206721,2.9488294,204.7806,683.8668,199.50655,661.3476,433.03992,982.0196,48.0,98.0,19.0,23.0,69.0,91.0,98.0,99.0,59.0,86.0,97.0,100.0,98.0,100.0,97.0,99.0,93.0,99.0,67.0,86.0,89.0,99.0,64.0,88.0,51.0,28.0,58.0,98.0,94.0,100.0,85.0,90.0,32.0,99.0
US0250728369,BBG00QLF9TX6,AVUSX US EQUITY,Avantis US Equity Fund,-,2.2796018,2.6162488,53.118122,573.0103,53.031918,571.7162,133.81494,878.37634,84.0,99.0,43.0,48.0,78.0,98.0,91.0,100.0,64.0,89.0,79.0,99.0,79.0,100.0,89.0,100.0,84.0,100.0,80.0,98.0,63.0,99.0,56.0,84.0,52.0,26.0,78.0,99.0,91.0,99.0,76.0,88.0,58.0,99.0
US0568233888,BBG00GPXQC63,BGEGX US EQUITY,Baillie Gifford Emerging Markets Equities Fund,-,2.187979,3.084633,74.254135,232.59325,73.73987,230.98236,201.45872,386.44672,57.0,100.0,21.0,25.0,68.0,92.0,92.0,100.0,59.0,87.0,93.0,100.0,96.0,100.0,87.0,100.0,89.0,100.0,82.0,96.0,85.0,99.0,59.0,87.0,54.0,24.0,62.0,97.0,88.0,100.0,57.0,94.0,38.0,98.0
US2382107777,BBG01P3G7YM8,BISMX US EQUITY,Brandes International Small Cap Equity Fund,-,,,,,,,,,,,,,,,,,,,,,,,,,,,,,,,,,,,,,,,,,,
US9219378356,BBG000BZZS63,BND US EQUITY,Vanguard Total Bond Market ETF,B1VZBS5,2.1972685,2.5865898,64.252655,435.34024,17.499044,111.06879,230.68642,2176.9653,77.0,93.0,32.0,41.0,69.0,96.0,92.0,100.0,59.0,95.0,73.0,99.0,75.0,99.0,82.0,100.0,82.0,99.0,86.0,93.0,64.0,100.0,62.0,91.0,62.0,32.0,74.0,95.0,89.0,100.0,79.0,89.0,54.0,97.0
US1316188291,BBG000BWFM10,CBAIX US EQUITY,Calvert Balanced Fund,-,2.0449634,2.7388744,17.399395,429.75168,12.414302,300.27505,41.73744,861.3566,79.0,97.0,38.0,52.0,75.0,97.0,100.0,100.0,64.0,90.0,77.0,100.0,81.0,100.0,100.0,100.0,83.0,100.0,86.0,97.0,64.0,100.0,58.0,86.0,57.0,30.0,77.0,99.0,91.0,100.0,70.0,82.0,59.0,99.0
US13161T4013,BBG000CQXYG0,CDSIX US EQUITY,Calvert Short-Duration Income Fund,B6TMYC8,2.1263545,2.094919,30.21763,250.56235,10.376578,82.70874,48.296223,823.4988,75.0,94.0,36.0,53.0,73.0,94.0,100.0,100.0,66.0,91.0,100.0,100.0,100.0,99.0,,0.0,86.0,100.0,86.0,95.0,76.0,99.0,61.0,89.0,76.0,74.0,77.0,96.0,92.0,99.0,6.0,72.0,52.0,96.0
US1315827519,BBG000C43S48,CISIX US EQUITY,Calvert US Large Cap Core Responsible Index Fund,-,2.0696123,2.395799,19.74298,504.51028,19.709679,503.34387,63.783863,714.0948,84.0,99.0,45.0,55.0,79.0,97.0,97.0,99.0,66.0,90.0,78.0,100.0,78.0,100.0,100.0,99.0,85.0,99.0,87.0,98.0,59.0,100.0,57.0,86.0,56.0,23.0,78.0,99.0,92.0,100.0,65.0,80.0,60.0,99.0
US20368N2027,BBG000GL77J2,CRANX US EQUITY,CCM Community Impact Bond Fund,BMSKYX6,1.5464902,2.7694402,2.132007,54.183235,0.2613654,6.5616393,5.012452,219.23044,85.0,98.0,49.0,49.0,73.0,96.0,,0.0,67.0,94.0,63.0,100.0,99.0,100.0,,0.0,82.0,100.0,92.0,100.0,45.0,100.0,60.0,90.0,73.0,61.0,78.0,99.0,90.0,100.0,,0.0,48.0,99.0
US46434V4648,BBG007PGJH67,CRBN US EQUITY,iShares MSCI ACWI Low Carbon Target ETF,BT9Q3Y6,2.2764783,2.4584875,8.316849,124.57486,8.2793455,123.751595,56.46784,534.1656,77.0,99.0,42.0,55.0,76.0,96.0,100.0,99.0,67.0,91.0,77.0,100.0,77.0,99.0,96.0,99.0,88.0,100.0,85.0,98.0,65.0,99.0,58.0,88.0,61.0,32.0,75.0,99.0,91.0,100.0,68.0,84.0,56.0,99.0
US13161X3035,BBG006Z2GSH6,CUBIX US EQUITY,Calvert Flexible Bond Fund,BRCJH24,2.5884182,2.550128,56.41032,300.86432,12.67242,65.47316,109.01661,636.83514,74.0,97.0,24.0,34.0,71.0,95.0,100.0,100.0,62.0,91.0,96.0,99.0,99.0,100.0,100.0,100.0,85.0,100.0,81.0,96.0,74.0,100.0,60.0,88.0,72.0,59.0,76.0,98.0,95.0,100.0,39.0,87.0,50.0,98.0
US1315823484,BBG005VKKQT8,CULIX US EQUITY,Calvert Ultra-Short Duration Income Fund,-,1.6608745,1.9407259,55.07423,340.49045,24.145828,145.56659,80.92028,614.01276,77.0,92.0,29.0,44.0,75.0,93.0,,0.0,66.0,88.0,100.0,99.0,92.0,100.0,,0.0,78.0,100.0,91.0,90.0,69.0,100.0,58.0,86.0,77.0,55.0,76.0,93.0,93.0,100.0,,0.0,51.0,95.0
US1316497742,BBG003878KX0,CVMIX US EQUITY,Calvert Emerging Markets Equity Fund,B800S78,2.4997888,2.5394354,18.603565,178.5306,18.519516,177.62909,116.87412,619.494,57.0,99.0,19.0,23.0,72.0,94.0,,0.0,63.0,89.0,95.0,99.0,99.0,99.0,100.0,100.0,89.0,100.0,73.0,92.0,84.0,100.0,65.0,90.0,49.0,32.0,63.0,98.0,93.0,99.0,83.0,86.0,37.0,99.0
US1315824391,BBG000T5ZS24,CYBIX US EQUITY,Calvert High Yield Bond Fund,2224712,2.2048154,2.7479258,100.58028,314.09357,56.76318,173.98924,196.94618,584.4486,77.0,99.0,15.0,13.0,77.0,95.0,100.0,100.0,56.0,80.0,96.0,99.0,95.0,99.0,95.0,100.0,96.0,99.0,64.0,92.0,94.0,100.0,50.0,77.0,54.0,12.0,75.0,99.0,98.0,100.0,68.0,95.0,52.0,99.0
US2586201038,BBG000QMKPS4,DBLTX US EQUITY,DoubleLine Total Return Bond Fund,B5ND9B4,3.0999093,3.0999672,2.5830593,64.8488,0.0276614,0.4336258,13.526177,682.8324,54.0,81.0,3.0,0.0,64.0,92.0,,0.0,58.0,92.0,100.0,100.0,100.0,100.0,,0.0,100.0,100.0,97.0,93.0,80.0,100.0,63.0,89.0,50.0,2.0,61.0,100.0,100.0,100.0,,0.0,62.0,100.0
US2332035870,BBG000BJR9Q8,DFEVX US EQUITY,DFA Emerging Markets Value Portfolio,B50JDB3,2.6458702,2.9029472,256.78122,774.847,254.66959,766.0878,426.2436,997.90796,47.0,98.0,20.0,22.0,70.0,91.0,98.0,100.0,59.0,87.0,94.0,99.0,98.0,99.0,96.0,100.0,94.0,100.0,66.0,85.0,85.0,100.0,62.0,86.0,51.0,39.0,56.0,97.0,92.0,100.0,88.0,89.0,30.0,98.0
US05587K8577,BBG004P19G79,DISYX US EQUITY,BNY Mellon International Stock Fund,BJGTWJ6,1.8193098,2.0374584,24.411983,361.43283,23.9881,355.157,84.11325,827.81946,66.0,99.0,41.0,55.0,76.0,96.0,95.0,100.0,71.0,92.0,96.0,100.0,87.0,100.0,74.0,100.0,94.0,100.0,100.0,99.0,91.0,99.0,67.0,92.0,55.0,9.0,78.0,99.0,98.0,99.0,81.0,84.0,57.0,99.0
US2562191062,BBG000BC2SL3,DODGX US EQUITY,Dodge & Cox Stock Fund,2272432,2.132488,2.548407,34.45132,424.13596,34.194893,420.97906,127.46831,1015.44586,82.0,99.0,41.0,50.0,77.0,98.0,91.0,100.0,64.0,91.0,88.0,100.0,78.0,100.0,100.0,100.0,90.0,99.0,94.0,100.0,76.0,99.0,56.0,89.0,64.0,28.0,79.0,99.0,89.0,99.0,78.0,85.0,53.0,99.0
US4642874659,BBG000D2KQ55,EFA US EQUITY,iShares MSCI EAFE ETF,2801290,1.8422334,2.2836509,48.594833,776.37976,48.066692,767.77277,102.883026,1370.4944,66.0,99.0,36.0,69.0,75.0,96.0,91.0,100.0,70.0,93.0,88.0,100.0,81.0,100.0,85.0,100.0,87.0,100.0,98.0,99.0,78.0,99.0,66.0,93.0,72.0,44.0,72.0,99.0,92.0,100.0,89.0,90.0,57.0,100.0
US0075W07594,BBG000DGJ6H7,EGFIX US EQUITY,Edgewood Growth Fund,B4MFF49,1.8969513,2.0785427,0.4399424,9.568682,0.4293594,9.277583,4.7267127,93.2135,82.0,99.0,48.0,57.0,79.0,98.0,,0.0,74.0,90.0,89.0,100.0,86.0,100.0,,0.0,95.0,100.0,75.0,100.0,80.0,100.0,63.0,87.0,38.0,13.0,74.0,100.0,96.0,100.0,36.0,36.0,57.0,100.0
US33740F2763,BBG01MQW4J41,EIPI US EQUITY,FT Energy Income Partners Enhanced Income Etf,BQKW0V8,2.3394384,2.8484876,260.8501,1039.8341,236.29912,941.9658,877.1547,2324.039,75.0,100.0,9.0,4.0,76.0,97.0,93.0,99.0,58.0,86.0,100.0,100.0,,0.0,67.0,100.0,75.0,100.0,69.0,96.0,60.0,100.0,57.0,81.0,52.0,5.0,72.0,100.0,98.0,100.0,97.0,98.0,47.0,100.0
US33739Q8042,BBG01B92RNJ0,EIPX US EQUITY,FT Energy Income Partners Strategy ETF,BNDY2X6,2.3134425,2.9009142,289.89258,1558.7627,279.21744,1501.3622,700.7942,3028.6108,75.0,99.0,14.0,10.0,77.0,97.0,93.0,99.0,58.0,85.0,100.0,100.0,,0.0,82.0,100.0,73.0,99.0,71.0,96.0,81.0,100.0,57.0,80.0,54.0,10.0,70.0,99.0,98.0,99.0,95.0,98.0,47.0,99.0
US2779026986,BBG000CG88L1,EISMX US EQUITY,Eaton Vance Atlanta Capital SMID-Cap Fund,2660628,2.5013337,2.1131854,8.882372,370.72202,8.528162,354.2313,17.681906,888.0038,83.0,99.0,21.0,13.0,81.0,98.0,100.0,100.0,64.0,87.0,100.0,100.0,100.0,99.0,100.0,100.0,100.0,100.0,49.0,100.0,87.0,99.0,52.0,78.0,34.0,29.0,75.0,99.0,99.0,99.0,8.0,87.0,50.0,99.0
US33738D1019,BBG0034YTQY8,EMLP US EQUITY,First Trust North American Energy Infrastructure Fund,B8GFVY5,2.3388345,2.8699276,295.9218,727.75775,278.18716,684.1431,1105.679,2151.6758,77.0,100.0,7.0,1.0,77.0,97.0,100.0,100.0,55.0,85.0,100.0,100.0,,0.0,100.0,100.0,85.0,100.0,69.0,96.0,,0.0,54.0,80.0,51.0,2.0,73.0,100.0,98.0,100.0,97.0,99.0,45.0,100.0
US46435G5163,BBG00D7BBRR8,ESGD US EQUITY,iShares ESG Aware MSCI EAFE ETF,BD06LG1,1.7744278,2.27243,42.88727,756.4325,42.466328,749.00806,68.14942,1313.8931,67.0,99.0,36.0,71.0,76.0,96.0,93.0,99.0,71.0,93.0,92.0,99.0,83.0,100.0,86.0,100.0,88.0,100.0,98.0,99.0,84.0,99.0,67.0,94.0,73.0,46.0,73.0,99.0,92.0,99.0,90.0,90.0,58.0,99.0
US46434G8630,BBG00D7BDH61,ESGE US EQUITY,iShares ESG Aware MSCI EM ETF,BD06LN8,2.3468986,2.951762,53.674637,427.07867,53.42337,422.9987,190.88777,656.3909,53.0,99.0,21.0,25.0,72.0,94.0,99.0,99.0,62.0,89.0,95.0,99.0,98.0,100.0,99.0,99.0,91.0,99.0,76.0,93.0,91.0,99.0,65.0,90.0,54.0,38.0,63.0,99.0,93.0,100.0,73.0,93.0,35.0,100.0
US46435G4257,BBG00FFPFT13,ESGU US EQUITY,iShares ESG Aware MSCI USA ETF,BD6C4F3,2.2388558,2.2563367,19.925169,588.2926,19.842283,585.84534,67.30104,813.9644,85.0,99.0,50.0,59.0,79.0,97.0,93.0,100.0,67.0,91.0,77.0,99.0,77.0,100.0,91.0,100.0,86.0,99.0,91.0,98.0,59.0,99.0,58.0,87.0,56.0,21.0,79.0,99.0,90.0,100.0,71.0,83.0,61.0,99.0
US46434G8226,BBG000BK38F5,EWJ US EQUITY,iShares MSCI Japan ETF,BDR7G84,2.0766387,2.5304768,45.714703,967.3064,45.14555,955.26337,56.03808,1424.1113,46.0,99.0,20.0,53.0,59.0,93.0,100.0,100.0,66.0,91.0,94.0,100.0,99.0,100.0,100.0,100.0,87.0,100.0,99.0,99.0,84.0,100.0,66.0,90.0,66.0,27.0,38.0,99.0,98.0,100.0,83.0,93.0,33.0,100.0
US5638215039,BBG000NTBLJ1,EXOSX US EQUITY,Manning & Napier Overseas Series Fund,B929TK0,1.7486387,2.0419278,35.538845,98.83464,33.510265,93.1931,102.866135,323.1065,67.0,99.0,41.0,64.0,80.0,95.0,100.0,100.0,66.0,91.0,94.0,100.0,79.0,100.0,100.0,99.0,98.0,100.0,93.0,93.0,75.0,100.0,63.0,91.0,60.0,18.0,76.0,99.0,94.0,99.0,87.0,100.0,63.0,99.0
US3160711095,BBG000BBQQS6,FCNTX US EQUITY,Fidelity Contrafund,2221241,2.418739,2.8019612,25.66264,937.52216,23.924528,872.0546,60.483574,518.05817,80.0,99.0,61.0,64.0,74.0,97.0,78.0,100.0,67.0,90.0,81.0,100.0,73.0,100.0,84.0,100.0,83.0,100.0,93.0,99.0,52.0,99.0,54.0,83.0,48.0,27.0,74.0,100.0,88.0,100.0,62.0,89.0,55.0,100.0
US35908Y7655,BBG00L4VYFR0,FMSRX US EQUITY,Frontier/MFG Global Sustainable Fund,-,1.5720067,2.4923284,4.1493573,210.04565,3.7484202,189.74973,13.297306,796.17426,81.0,100.0,58.0,72.0,78.0,97.0,,0.0,64.0,90.0,71.0,100.0,74.0,100.0,,0.0,82.0,99.0,100.0,100.0,56.0,99.0,60.0,89.0,60.0,21.0,83.0,100.0,83.0,100.0,92.0,61.0,60.0,100.0
US8085247711,BBG0051J0PH1,FNDX US EQUITY,Schwab Fundamental U.S. Large Company ETF,BD00GZ7,2.3006146,2.5771954,58.85637,522.3507,58.6569,520.4956,141.86308,893.43225,85.0,99.0,42.0,46.0,78.0,98.0,88.0,100.0,64.0,90.0,71.0,100.0,69.0,100.0,83.0,100.0,81.0,100.0,90.0,99.0,63.0,100.0,54.0,85.0,56.0,28.0,78.0,99.0,90.0,99.0,80.0,89.0,58.0,99.0
US3159117270,BBG001YF5YZ8,FSPSX US EQUITY,Fidelity International Index Fund,B6T41N4,1.8540878,2.3144884,50.009342,752.7979,48.643467,732.05725,102.49365,1343.1318,66.0,99.0,35.0,69.0,75.0,96.0,90.0,99.0,70.0,93.0,88.0,99.0,80.0,100.0,84.0,99.0,87.0,99.0,98.0,99.0,78.0,100.0,65.0,93.0,72.0,44.0,72.0,99.0,92.0,99.0,89.0,90.0,57.0,99.0
US3159117502,BBG001P8F023,FXAIX US EQUITY,Fidelity 500 Index Fund,B4VF818,2.1977174,2.5456228,30.745363,446.94135,30.697025,446.14008,95.35785,679.0467,84.0,99.0,49.0,58.0,78.0,98.0,87.0,100.0,66.0,91.0,73.0,100.0,71.0,100.0,84.0,100.0,82.0,100.0,91.0,99.0,56.0,100.0,56.0,86.0,55.0,23.0,78.0,99.0,89.0,99.0,73.0,83.0,60.0,99.0
US78463V1070,BBG000CRF6Q8,GLD US EQUITY,SPDR Gold Shares,B046RT1,,,,,,,,,,0.0,,0.0,,0.0,,0.0,,0.0,,0.0,,0.0,,0.0,,0.0,,0.0,,0.0,,0.0,,0.0,,0.0,,0.0,,0.0,,0.0
US52106N4593,BBG000Q43SC4,GLIFX US EQUITY,Lazard Global Listed Infrastructure Portfolio,B5W9537,2.1810598,2.549738,87.322174,237.31494,83.994934,228.27254,2100.8242,1761.4829,71.0,100.0,47.0,68.0,81.0,97.0,100.0,100.0,59.0,88.0,100.0,99.0,,0.0,,0.0,93.0,99.0,95.0,100.0,,0.0,56.0,93.0,59.0,30.0,69.0,100.0,93.0,100.0,100.0,99.0,63.0,100.0
US00771X4198,BBG00FP2Y5K3,GQGIX US EQUITY,GQG Partners Emerging Markets Equity Fund,-,2.8430655,2.9850075,236.87775,709.05365,227.36047,680.56537,838.0406,1230.6353,60.0,98.0,30.0,34.0,70.0,95.0,87.0,100.0,59.0,90.0,90.0,99.0,93.0,100.0,81.0,99.0,83.0,100.0,78.0,96.0,80.0,100.0,64.0,92.0,48.0,27.0,59.0,99.0,86.0,100.0,96.0,84.0,33.0,100.0
US00774Q6926,BBG00NGCVJK7,GQRIX US EQUITY,GQG Partners Global Quality Equity Fund,-,2.499827,2.8158555,84.99229,215.6834,82.81844,210.16687,376.66547,430.30072,78.0,100.0,47.0,62.0,75.0,97.0,85.0,100.0,64.0,91.0,61.0,100.0,64.0,99.0,70.0,99.0,79.0,100.0,92.0,100.0,48.0,100.0,57.0,90.0,52.0,19.0,74.0,100.0,89.0,100.0,92.0,78.0,55.0,100.0
US33939L4077,BBG00243P818,GUNR US EQUITY,FlexShares Morningstar Global Upstream Natural Resources Index Fund,B6R4SQ8,2.4808757,2.8173375,217.45245,1535.3225,215.59619,1522.2164,413.43964,2633.4368,76.0,98.0,26.0,43.0,81.0,96.0,91.0,100.0,59.0,88.0,89.0,99.0,91.0,100.0,88.0,99.0,70.0,100.0,96.0,99.0,76.0,100.0,58.0,91.0,58.0,16.0,75.0,98.0,94.0,99.0,95.0,96.0,61.0,98.0
US46434V8037,BBG005XKVF63,HEFA US EQUITY,iShares Currency Hedged MSCI EAFE ETF,BJN7914,1.8422334,2.2836509,48.594833,776.37976,47.706665,762.0221,102.883026,1370.4944,66.0,99.0,36.0,69.0,75.0,96.0,91.0,100.0,70.0,93.0,88.0,100.0,81.0,99.0,85.0,100.0,87.0,99.0,98.0,99.0,78.0,100.0,66.0,93.0,72.0,44.0,72.0,99.0,92.0,100.0,89.0,90.0,57.0,100.0
US4258942014,BBG000D0SVD1,HJPIX US EQUITY,Hennessy Japan Fund,B1F7GG0,1.559947,2.0562828,18.056555,600.1661,16.476664,541.95514,37.077904,885.0575,49.0,99.0,27.0,60.0,63.0,93.0,100.0,99.0,66.0,91.0,96.0,100.0,100.0,100.0,100.0,99.0,90.0,100.0,99.0,98.0,95.0,100.0,70.0,91.0,69.0,38.0,35.0,100.0,100.0,100.0,91.0,96.0,40.0,100.0
US4122951076,BBG000F34VQ5,HLMIX US EQUITY,Harding Loevner International Equity Portfolio,B1F7KP7,1.7979763,2.653501,34.299503,494.13583,33.21655,478.5342,78.38722,1087.8026,66.0,99.0,37.0,50.0,75.0,95.0,94.0,100.0,69.0,92.0,96.0,100.0,84.0,100.0,90.0,100.0,93.0,100.0,91.0,94.0,67.0,100.0,69.0,93.0,72.0,39.0,73.0,98.0,98.0,99.0,61.0,88.0,53.0,99.0
US4642885135,BBG000R2T3H9,HYG US EQUITY,iShares iBoxx $ High Yield Corporate Bond ETF,B1VZ486,2.1330352,2.7231803,131.87267,735.37415,100.37123,550.6212,212.57758,1317.511,73.0,97.0,15.0,14.0,75.0,94.0,100.0,100.0,56.0,80.0,89.0,100.0,86.0,100.0,100.0,100.0,94.0,100.0,69.0,92.0,83.0,99.0,51.0,77.0,51.0,10.0,70.0,97.0,97.0,100.0,82.0,80.0,47.0,98.0
US4642852044,BBG000QLKDR4,IAU US EQUITY,iShares Gold Trust,BMDB791,,,,,,,,,,0.0,,0.0,,0.0,,0.0,,0.0,,0.0,,0.0,,0.0,,0.0,,0.0,,0.0,,0.0,,0.0,,0.0,,0.0,,0.0,,0.0
US4642852044,BBG000QLKDR4,IAU US EQUITY,iShares Gold Trust,BMDB791,,,,,,,,,,0.0,,0.0,,0.0,,0.0,,0.0,,0.0,,0.0,,0.0,,0.0,,0.0,,0.0,,0.0,,0.0,,0.0,,0.0,,0.0,,0.0
US46432F8427,BBG003H6TR19,IEFA US EQUITY,iShares Core MSCI EAFE ETF,B8JW585,1.9230369,2.3306196,55.25173,800.82336,54.58692,790.88367,105.86037,1360.7164,65.0,99.0,34.0,65.0,74.0,95.0,92.0,99.0,69.0,91.0,90.0,100.0,82.0,100.0,87.0,99.0,89.0,100.0,96.0,97.0,81.0,100.0,65.0,92.0,69.0,40.0,70.0,99.0,93.0,99.0,87.0,90.0,56.0,99.0
US4642886612,BBG000QN0RR1,IEI US EQUITY,iShares 3-7 Year Treasury Bond ETF,B1MYR72,,,,,,,,,,0.0,,0.0,66.0,96.0,,0.0,56.0,100.0,,0.0,,0.0,,0.0,,0.0,,0.0,,0.0,66.0,94.0,,0.0,,0.0,,0.0,,0.0,,0.0
US46434V7385,BBG006MJ8993,IEUR US EQUITY,iShares Core MSCI Europe ETF,BN90WN8,1.7025712,2.1507473,52.15889,793.71313,51.59077,784.7575,78.82642,1368.1456,71.0,99.0,43.0,77.0,79.0,97.0,89.0,100.0,71.0,93.0,88.0,99.0,78.0,99.0,82.0,99.0,88.0,99.0,98.0,98.0,79.0,99.0,66.0,94.0,72.0,45.0,83.0,99.0,90.0,99.0,89.0,89.0,66.0,99.0
US4642875490,BBG000H13601,IGM US EQUITY,iShares Expanded Tech Sector ETF,2760153,1.7031921,2.1747136,2.7469678,41.368916,2.7379403,41.210064,16.18191,148.20464,83.0,99.0,48.0,58.0,76.0,98.0,,0.0,69.0,90.0,85.0,100.0,91.0,100.0,,0.0,89.0,100.0,94.0,97.0,77.0,100.0,56.0,86.0,57.0,14.0,80.0,99.0,86.0,99.0,30.0,63.0,58.0,99.0
US4642886463,BBG000QN2BW8,IGSB US EQUITY,iShares 1-5 Year Investment Grade Corporate Bond ETF,B1MYR50,2.152334,2.509543,61.056942,437.3833,57.51733,403.42175,181.33371,1152.9547,76.0,95.0,32.0,48.0,78.0,94.0,94.0,100.0,67.0,89.0,75.0,99.0,77.0,99.0,88.0,100.0,82.0,99.0,91.0,95.0,69.0,100.0,57.0,86.0,69.0,44.0,74.0,96.0,90.0,99.0,79.0,90.0,54.0,97.0
US4642875078,BBG000BWC7P0,IJH US EQUITY,iShares Core S&P Mid-Cap ETF,2611637,2.712324,2.6149297,53.116516,451.2757,52.80844,448.6583,110.831505,900.7039,81.0,99.0,13.0,9.0,80.0,96.0,100.0,99.0,59.0,82.0,99.0,100.0,98.0,99.0,100.0,100.0,99.0,100.0,49.0,98.0,89.0,100.0,50.0,75.0,44.0,20.0,75.0,98.0,100.0,99.0,60.0,84.0,51.0,99.0
US4642877058,BBG000C14JK5,IJJ US EQUITY,iShares S&P Mid-Cap 400 Value ETF,2689720,2.743443,2.4948316,76.70296,606.46686,76.49586,604.8294,140.59447,902.49664,82.0,98.0,16.0,11.0,80.0,96.0,100.0,99.0,59.0,82.0,98.0,100.0,98.0,99.0,100.0,99.0,98.0,100.0,54.0,98.0,88.0,100.0,53.0,77.0,44.0,25.0,75.0,98.0,100.0,99.0,64.0,86.0,52.0,98.0
US4642876068,BBG000C15L83,IJK US EQUITY,iShares S&P Mid-Cap 400 Growth ETF,2775975,2.6344366,2.833548,31.415274,304.0175,31.277048,302.6798,82.94129,890.0293,80.0,99.0,11.0,7.0,80.0,97.0,100.0,99.0,59.0,82.0,99.0,99.0,98.0,99.0,100.0,100.0,100.0,99.0,42.0,99.0,91.0,100.0,48.0,72.0,43.0,14.0,74.0,99.0,100.0,99.0,57.0,82.0,50.0,99.0
US4642878049,BBG000BWCNN7,IJR US EQUITY,iShares Core S&P Small-Cap ETF,2678869,2.32453,2.878351,59.789043,613.4029,58.37802,598.9266,91.00076,917.71545,79.0,99.0,8.0,4.0,80.0,97.0,100.0,99.0,58.0,79.0,99.0,100.0,97.0,100.0,100.0,100.0,100.0,100.0,34.0,96.0,90.0,100.0,49.0,72.0,41.0,19.0,73.0,99.0,99.0,99.0,61.0,74.0,50.0,99.0
US46434V2741,BBG008LPBRZ3,INTF US EQUITY,iShares International Equity Factor ETF,BWTM2Z9,1.9535635,2.4757051,70.397156,959.1772,69.70642,949.76575,94.86081,1453.2965,65.0,99.0,33.0,64.0,75.0,95.0,91.0,100.0,68.0,91.0,91.0,99.0,82.0,99.0,86.0,100.0,88.0,99.0,95.0,97.0,83.0,99.0,64.0,92.0,70.0,41.0,71.0,99.0,92.0,99.0,85.0,90.0,56.0,99.0
US46434V4564,BBG007WGM3G5,IQLT US EQUITY,iShares MSCI Intl Quality Factor ETF,BVCY437,1.877673,2.453931,37.455345,537.0471,37.107796,532.06384,136.81784,1210.2491,71.0,99.0,34.0,70.0,78.0,96.0,92.0,99.0,70.0,92.0,88.0,100.0,81.0,100.0,87.0,100.0,87.0,100.0,97.0,99.0,77.0,100.0,63.0,92.0,75.0,42.0,74.0,99.0,93.0,99.0,89.0,80.0,61.0,99.0
US4642871507,BBG000HSHTP0,ITOT US EQUITY,iShares Core S&P Total U.S. Stock Market ETF,2342164,2.2086754,2.5492163,31.206188,501.19955,31.037918,497.94406,91.770355,699.067,84.0,99.0,45.0,53.0,78.0,97.0,90.0,99.0,65.0,89.0,76.0,99.0,75.0,99.0,86.0,99.0,84.0,99.0,85.0,99.0,59.0,99.0,55.0,85.0,53.0,21.0,78.0,99.0,90.0,100.0,68.0,81.0,58.0,99.0
US4642874089,BBG000BWD2Y0,IVE US EQUITY,iShares S&P 500 Value ETF,2670520,2.234859,2.6755981,43.768265,288.06677,43.66243,287.24655,140.18382,733.1985,85.0,99.0,43.0,52.0,79.0,97.0,86.0,100.0,65.0,91.0,71.0,100.0,68.0,99.0,83.0,100.0,80.0,100.0,92.0,98.0,56.0,100.0,56.0,86.0,55.0,25.0,78.0,99.0,89.0,99.0,82.0,90.0,62.0,99.0
US4642872000,BBG000BVZ4F5,IVV US EQUITY,iShares Core S&P 500 ETF,2593025,2.1588223,2.5188017,29.587214,520.7889,29.53961,519.8444,90.962006,691.6278,84.0,99.0,49.0,59.0,78.0,98.0,88.0,100.0,66.0,91.0,74.0,100.0,71.0,100.0,84.0,100.0,83.0,100.0,91.0,99.0,56.0,99.0,56.0,86.0,55.0,22.0,78.0,99.0,89.0,99.0,69.0,81.0,60.0,99.0
US4642873099,BBG000BWDHF8,IVW US EQUITY,iShares S&P 500 Growth ETF,2615082,1.9746358,2.294372,16.697674,731.87274,16.673279,730.80347,46.212326,651.8049,84.0,99.0,53.0,65.0,77.0,98.0,100.0,100.0,66.0,91.0,77.0,100.0,76.0,100.0,100.0,100.0,85.0,100.0,90.0,99.0,55.0,100.0,57.0,86.0,54.0,19.0,79.0,99.0,89.0,99.0,35.0,75.0,58.0,99.0
US4642876225,BBG000CF7ZN2,IWB US EQUITY,iShares Russell 1000 ETF,2605641,2.1885977,2.5334842,30.390131,501.46747,30.281414,499.32965,90.63336,699.9222,84.0,99.0,46.0,55.0,78.0,97.0,89.0,100.0,65.0,90.0,75.0,100.0,74.0,100.0,86.0,100.0,83.0,99.0,87.0,99.0,58.0,100.0,56.0,85.0,54.0,22.0,78.0,99.0,90.0,100.0,69.0,82.0,59.0,99.0
US4642875987,BBG000CG9VP5,IWD US EQUITY,iShares Russell 1000 Value ETF,2713210,2.27768,2.5423548,54.936707,1008.8229,54.69329,1003.16626,166.91652,1251.1278,83.0,99.0,31.0,37.0,79.0,97.0,87.0,100.0,63.0,88.0,77.0,100.0,73.0,99.0,84.0,100.0,82.0,100.0,88.0,98.0,64.0,100.0,54.0,83.0,55.0,27.0,76.0,99.0,93.0,100.0,77.0,93.0,56.0,99.0
US4642876142,BBG000BTR7Z0,IWF US EQUITY,iShares Russell 1000 Growth ETF,2679839,1.7397395,2.4875977,9.58498,68.30112,9.565841,68.14577,25.84011,235.73538,84.0,99.0,53.0,69.0,77.0,98.0,99.0,100.0,67.0,91.0,74.0,99.0,76.0,99.0,100.0,99.0,84.0,99.0,86.0,99.0,55.0,99.0,57.0,87.0,52.0,16.0,79.0,99.0,88.0,100.0,57.0,72.0,62.0,100.0
US4642876555,BBG000CGC9C4,IWM US EQUITY,iShares Russell 2000 ETF,2622059,2.563622,2.8848975,99.164856,424.09686,95.223526,402.65427,215.85245,632.26227,77.0,98.0,6.0,2.0,78.0,95.0,100.0,100.0,56.0,77.0,100.0,99.0,98.0,99.0,100.0,100.0,99.0,99.0,31.0,93.0,93.0,99.0,47.0,69.0,39.0,22.0,71.0,98.0,100.0,100.0,64.0,73.0,48.0,98.0
US4642874816,BBG000BW05W9,IWP US EQUITY,iShares Russell Mid-Cap Growth ETF,2810478,1.7699103,2.430415,64.31211,183.55928,64.00977,182.23798,139.88007,635.01404,78.0,99.0,10.0,11.0,78.0,98.0,100.0,100.0,59.0,83.0,91.0,100.0,95.0,99.0,100.0,100.0,97.0,100.0,48.0,100.0,81.0,100.0,47.0,76.0,43.0,11.0,73.0,99.0,99.0,99.0,72.0,86.0,51.0,99.0
US4642876894,BBG000BWDVW8,IWV US EQUITY,iShares Russell 3000 ETF,2675183,2.208287,2.5546308,33.152435,498.3455,33.001194,495.50647,95.57356,697.5719,83.0,99.0,45.0,53.0,78.0,97.0,90.0,99.0,65.0,89.0,76.0,100.0,75.0,100.0,86.0,100.0,84.0,100.0,85.0,99.0,59.0,100.0,55.0,85.0,53.0,22.0,78.0,99.0,90.0,99.0,69.0,81.0,58.0,99.0
US4642877215,BBG000CF9GL4,IYW US EQUITY,iShares U.S. Technology ETF,2687003,1.6675912,2.2161613,2.1360242,25.208374,2.1304326,25.142384,10.884931,131.84143,84.0,99.0,49.0,67.0,77.0,98.0,,0.0,68.0,91.0,79.0,99.0,97.0,100.0,,0.0,85.0,99.0,95.0,96.0,67.0,99.0,57.0,88.0,54.0,9.0,81.0,99.0,86.0,99.0,24.0,73.0,64.0,99.0
US4710238795,BBG000BG3K67,JABAX US EQUITY,Janus Henderson Balanced Fund,2486329,1.9894894,2.5175552,20.264423,179.09096,14.675446,128.95322,56.12662,491.11908,84.0,99.0,50.0,66.0,77.0,98.0,91.0,100.0,67.0,92.0,80.0,100.0,79.0,100.0,92.0,100.0,86.0,100.0,91.0,99.0,57.0,100.0,59.0,88.0,62.0,28.0,79.0,99.0,90.0,100.0,50.0,82.0,61.0,99.0
US46645V3298,BBG00ZFDFRL8,JHQTX US EQUITY,JPMorgan Hedged Equity 3 Fund,-,2.112385,2.4151258,31.93517,254.76137,30.553978,243.74297,104.27188,753.5174,84.0,99.0,48.0,58.0,78.0,97.0,87.0,100.0,66.0,91.0,75.0,99.0,72.0,100.0,84.0,100.0,80.0,100.0,93.0,98.0,57.0,100.0,57.0,87.0,54.0,17.0,78.0,99.0,89.0,100.0,77.0,87.0,59.0,100.0
US46434V2824,BBG008LNYFC4,LRGF US EQUITY,iShares U.S. Equity Factor ETF,BWTM3B2,1.9125586,2.4002302,38.37313,269.44583,38.243256,268.47086,81.906075,614.4224,85.0,99.0,44.0,53.0,78.0,97.0,91.0,100.0,67.0,90.0,72.0,100.0,73.0,100.0,85.0,100.0,83.0,100.0,87.0,99.0,63.0,100.0,55.0,85.0,55.0,18.0,79.0,99.0,91.0,99.0,72.0,79.0,60.0,99.0
US78467Y1073,BBG000BBNQB7,MDY US EQUITY,SPDR S&P MidCap 400 ETF Trust,2550688,2.711359,2.616299,53.100388,449.6412,52.58331,445.2627,110.544304,896.6581,81.0,99.0,13.0,9.0,80.0,96.0,100.0,99.0,59.0,82.0,99.0,99.0,98.0,100.0,100.0,100.0,99.0,99.0,49.0,98.0,89.0,99.0,50.0,75.0,44.0,20.0,75.0,98.0,100.0,100.0,60.0,84.0,51.0,99.0
US55273H3536,BBG000J8JWR1,MEIKX US EQUITY,MFS Value Fund,B7Z3WP1,2.1837368,2.7110922,53.32557,298.50726,52.780098,295.4538,240.00598,809.3991,88.0,100.0,34.0,43.0,80.0,98.0,81.0,100.0,66.0,88.0,63.0,100.0,72.0,99.0,86.0,100.0,76.0,100.0,95.0,96.0,66.0,100.0,60.0,87.0,64.0,31.0,80.0,100.0,86.0,100.0,90.0,100.0,58.0,100.0
US61756E4614,BBG001CYWJ39,MFAIX US EQUITY,Morgan Stanley Institutional Fund Inc - International Advantage Portfolio,B3WN7L7,2.1509593,2.1394591,4.1122556,39.202053,3.6810665,34.149723,32.58673,186.62212,56.0,98.0,34.0,48.0,74.0,94.0,,0.0,74.0,88.0,99.0,100.0,99.0,100.0,,0.0,97.0,100.0,74.0,93.0,71.0,100.0,63.0,88.0,55.0,26.0,77.0,99.0,98.0,99.0,93.0,75.0,52.0,99.0
US9219108167,BBG000V1FPR1,MGK US EQUITY,Vanguard Mega Cap Growth ETF,B2N85C1,1.6119555,2.8138824,2.3252542,714.0238,2.3204122,712.5369,9.02639,390.91904,85.0,99.0,55.0,75.0,77.0,98.0,100.0,99.0,68.0,92.0,74.0,100.0,76.0,100.0,100.0,100.0,84.0,100.0,88.0,99.0,51.0,100.0,58.0,88.0,52.0,8.0,80.0,99.0,88.0,99.0,22.0,67.0,63.0,99.0
US5771307197,BBG008DTQMM3,MISFX US EQUITY,Matthews Emerging Markets Sustainable Future Fund,BX9CWX4,2.7961485,2.2591093,45.902534,201.20224,44.147495,185.6644,463.14478,414.46185,53.0,94.0,23.0,15.0,68.0,89.0,100.0,100.0,56.0,80.0,99.0,100.0,100.0,99.0,100.0,100.0,92.0,100.0,54.0,76.0,100.0,100.0,63.0,85.0,47.0,18.0,64.0,98.0,96.0,100.0,68.0,60.0,36.0,97.0
US56063U5213,BBG000QLB9P5,MMHIX US EQUITY,NYLI MacKay High Yield Muni Bond Fund,B57MM18,3.1,3.1,7.4195266,435.01508,0.1859689,0.3424874,56.917065,24454.807,79.0,100.0,,0.0,64.0,97.0,,0.0,56.0,96.0,,0.0,,0.0,,0.0,100.0,100.0,100.0,100.0,,0.0,67.0,96.0,1.0,100.0,78.0,100.0,100.0,100.0,100.0,100.0,50.0,100.0
US5529846504,BBG00GW6DDP5,MMHKX US EQUITY,MFS Municipal High Income Fund,-,2.9906783,3.1,37.57038,357.62125,0.3731641,2.3871577,130.01831,17772.924,79.0,100.0,3.0,0.0,66.0,93.0,100.0,100.0,57.0,90.0,100.0,100.0,100.0,100.0,100.0,100.0,100.0,99.0,86.0,100.0,,0.0,65.0,88.0,10.0,72.0,79.0,100.0,100.0,100.0,100.0,100.0,53.0,100.0
US61744J2832,BBG000BLPXS0,MSFAX US EQUITY,Morgan Stanley Institutional Fund Inc - Global Franchise Portfolio,-,1.890886,2.4121943,1.5782402,39.640446,1.5604613,39.193897,8.323141,195.63644,79.0,99.0,43.0,69.0,80.0,99.0,100.0,100.0,66.0,90.0,87.0,100.0,76.0,99.0,,0.0,86.0,100.0,100.0,100.0,90.0,99.0,61.0,90.0,55.0,10.0,80.0,99.0,93.0,99.0,67.0,78.0,62.0,99.0
US4642884146,BBG000TC0WT9,MUB US EQUITY,iShares National Muni Bond ETF,B24DX21,,,42.43048,38.755054,0.3788957,0.2704521,69.00901,98.49128,77.0,86.0,5.0,0.0,66.0,99.0,,0.0,50.0,97.0,,0.0,100.0,100.0,,0.0,100.0,100.0,13.0,86.0,,0.0,66.0,98.0,50.0,0.0,74.0,86.0,100.0,99.0,,0.0,62.0,99.0
US5929057496,BBG00248BM48,MWCIX US EQUITY,Metropolitan West Unconstrained Bond Fund,B3NNRG1,2.1500638,2.7987163,62.802036,376.494,13.741029,81.7411,145.54509,663.96576,76.0,97.0,29.0,41.0,71.0,94.0,100.0,99.0,62.0,88.0,83.0,100.0,88.0,100.0,97.0,99.0,90.0,100.0,80.0,92.0,81.0,100.0,55.0,84.0,62.0,23.0,76.0,97.0,90.0,99.0,71.0,66.0,50.0,97.0
US74348A4673,BBG005D266N4,NOBL US EQUITY,ProShares S&P 500 Dividend Aristocrats ETF,BFN8PY4,2.4129362,2.7697217,40.069695,706.80884,39.9575,704.8298,120.88993,2152.078,85.0,100.0,26.0,30.0,81.0,96.0,91.0,100.0,62.0,89.0,83.0,99.0,79.0,99.0,90.0,100.0,85.0,99.0,85.0,99.0,74.0,100.0,55.0,84.0,57.0,15.0,82.0,100.0,96.0,100.0,60.0,99.0,57.0,100.0
US67092P3001,BBG00FJ5H9S6,NULV US EQUITY,Nuveen ESG Large-Cap Value ETF,BD9N4N1,2.05809,2.594828,16.428448,433.03568,16.427345,431.07666,48.851418,1120.6432,87.0,98.0,39.0,50.0,82.0,97.0,100.0,100.0,65.0,90.0,76.0,100.0,82.0,100.0,100.0,99.0,89.0,100.0,96.0,96.0,63.0,100.0,56.0,86.0,60.0,27.0,81.0,99.0,95.0,99.0,74.0,93.0,59.0,99.0
US67092P4090,BBG00FJ5HK56,NUMG US EQUITY,Nuveen ESG Mid-Cap Growth ETF,BD9N4P3,2.8525946,2.0504403,16.925804,403.02866,16.925798,393.1066,39.402634,1475.6123,83.0,99.0,15.0,10.0,80.0,98.0,100.0,100.0,61.0,87.0,100.0,99.0,100.0,100.0,,0.0,100.0,100.0,44.0,100.0,90.0,100.0,56.0,77.0,49.0,12.0,79.0,99.0,99.0,99.0,89.0,100.0,50.0,99.0
US67065Q4001,BBG000BCCCD6,NUVBX US EQUITY,Nuveen Intermediate Duration Municipal Bond Fund,B6QXKX7,1.5,3.1,46.050373,388.339,0.5144241,1.7159535,140.9896,1140.9207,67.0,100.0,4.0,0.0,65.0,95.0,,0.0,58.0,93.0,,0.0,,0.0,,0.0,100.0,100.0,1.0,100.0,,0.0,66.0,94.0,50.0,0.0,73.0,100.0,100.0,100.0,,0.0,60.0,100.0
US46436E4118,BBG014GHW072,PABU US EQUITY,iShares Paris-Aligned Climate MSCI USA ETF,BMFQT76,1.8627328,2.2763453,2.866038,79.89514,2.8608043,79.685265,20.236315,389.66537,85.0,95.0,52.0,62.0,78.0,96.0,100.0,100.0,68.0,91.0,79.0,99.0,80.0,99.0,100.0,100.0,87.0,99.0,83.0,98.0,54.0,100.0,58.0,87.0,55.0,17.0,80.0,95.0,90.0,100.0,15.0,81.0,60.0,100.0
US7042231065,BBG000BCD1T2,PAXWX US EQUITY,Impax Sustainable Allocation Fund,2090690,1.8856913,2.0105877,28.515583,275.51797,21.526764,200.83319,77.469536,852.2981,81.0,97.0,39.0,45.0,79.0,96.0,100.0,99.0,64.0,91.0,88.0,99.0,86.0,99.0,100.0,100.0,89.0,99.0,83.0,97.0,71.0,100.0,60.0,87.0,56.0,29.0,77.0,98.0,95.0,99.0,63.0,90.0,60.0,99.0
US74253Q7473,BBG000QCS824,PCBIX US EQUITY,Principal MidCap Fund,B0C04Q1,2.505005,2.8466017,14.762187,70.949066,14.734757,69.516045,75.31297,424.90512,77.0,99.0,12.0,11.0,76.0,97.0,96.0,100.0,58.0,82.0,99.0,100.0,99.0,99.0,100.0,100.0,93.0,100.0,72.0,99.0,66.0,100.0,45.0,72.0,54.0,24.0,73.0,99.0,97.0,100.0,90.0,86.0,48.0,99.0
US7467454051,BBG000BNQGF6,PEIYX US EQUITY,Putnam Large Cap Value Fund,B885S19,1.8276471,2.4306688,74.67316,402.3251,72.468895,390.44894,145.90323,950.16864,83.0,99.0,35.0,48.0,79.0,98.0,81.0,100.0,65.0,90.0,64.0,99.0,65.0,100.0,77.0,100.0,76.0,99.0,93.0,99.0,63.0,100.0,56.0,89.0,60.0,31.0,77.0,99.0,86.0,99.0,91.0,90.0,59.0,99.0
US72201F4900,BBG000R36W24,PIMIX US EQUITY,PIMCO Income Fund,B2R3Z99,2.048163,3.0145059,305.92157,2169.6882,22.979729,160.96873,110.703964,3220.6753,69.0,98.0,34.0,62.0,64.0,96.0,100.0,99.0,58.0,96.0,92.0,100.0,93.0,99.0,84.0,100.0,80.0,100.0,93.0,90.0,84.0,100.0,61.0,93.0,75.0,58.0,75.0,97.0,89.0,100.0,85.0,74.0,52.0,98.0
US72202L4620,BBG009CD1RL4,PKAIX US EQUITY,PIMCO RAE US Fund,BYZZP13,1.9393102,2.7087328,105.492294,662.5811,105.00561,659.52435,171.43379,880.64026,87.0,99.0,27.0,29.0,81.0,98.0,100.0,100.0,64.0,90.0,72.0,99.0,69.0,99.0,100.0,100.0,87.0,99.0,94.0,99.0,67.0,99.0,57.0,87.0,53.0,10.0,81.0,99.0,92.0,100.0,58.0,77.0,59.0,99.0
US74256W5849,BBG00FDGKDP8,PMAQX US EQUITY,Principal MidCap Fund,-,2.505005,2.8466017,14.762187,70.949066,14.734757,69.516045,75.31297,424.90512,77.0,99.0,12.0,11.0,76.0,97.0,96.0,100.0,58.0,82.0,99.0,100.0,99.0,99.0,100.0,100.0,93.0,100.0,72.0,99.0,66.0,100.0,45.0,72.0,54.0,24.0,73.0,99.0,97.0,100.0,90.0,86.0,48.0,99.0
US74160Q2021,BBG000QPWDZ3,POAGX US EQUITY,PRIMECAP Odyssey Aggressive Growth Fund,B05BMD4,1.8693528,2.2583895,54.146973,262.70636,50.764317,245.21237,107.60248,656.4386,79.0,98.0,24.0,31.0,79.0,97.0,100.0,100.0,63.0,87.0,92.0,99.0,90.0,99.0,100.0,100.0,93.0,99.0,79.0,94.0,73.0,100.0,56.0,82.0,52.0,7.0,76.0,99.0,99.0,99.0,71.0,48.0,51.0,99.0
US46137V1008,BBG000BDX0N6,PPA US EQUITY,Invesco Aerospace & Defense ETF,BZ030R0,2.004807,2.988455,8.09175,257.66077,7.8485265,249.91595,24.676338,725.30304,87.0,100.0,19.0,41.0,79.0,99.0,80.0,100.0,61.0,86.0,100.0,100.0,100.0,100.0,100.0,99.0,100.0,100.0,84.0,98.0,82.0,100.0,62.0,88.0,50.0,0.0,79.0,100.0,87.0,100.0,15.0,99.0,55.0,100.0
US46137V6130,BBG000BBWP38,PRF US EQUITY,Invesco RAFI US 1000 ETF,BZ031D3,2.283507,2.560504,59.639893,606.81757,59.61989,605.9738,159.6466,917.26086,84.0,99.0,40.0,43.0,79.0,97.0,87.0,99.0,64.0,89.0,71.0,100.0,70.0,100.0,83.0,100.0,81.0,100.0,88.0,99.0,63.0,100.0,54.0,85.0,56.0,30.0,77.0,99.0,90.0,99.0,81.0,89.0,58.0,99.0
US7017694081,BBG000C3LF48,PRILX US EQUITY,Parnassus Core Equity Fund,B7F3BK9,1.6605479,2.2985086,27.471153,77.00577,27.231262,76.33331,73.65423,256.4354,86.0,100.0,47.0,59.0,80.0,98.0,100.0,99.0,64.0,90.0,84.0,99.0,91.0,100.0,100.0,99.0,92.0,100.0,87.0,99.0,62.0,100.0,61.0,87.0,57.0,15.0,78.0,100.0,94.0,100.0,27.0,59.0,60.0,100.0
US70472Q8078,BBG000DVVTK6,QFVIX US EQUITY,Pear Tree Polaris Foreign Value Fund,2366250,2.1079233,2.2960026,110.40249,648.2387,107.623924,631.92413,136.36716,703.9976,63.0,99.0,27.0,56.0,77.0,95.0,93.0,99.0,63.0,91.0,95.0,100.0,90.0,100.0,83.0,100.0,91.0,100.0,86.0,94.0,84.0,100.0,67.0,92.0,66.0,38.0,76.0,99.0,95.0,99.0,96.0,98.0,57.0,99.0
US46090E1038,BBG000BSWKH7,QQQ US EQUITY,Invesco QQQ Trust Series 1,BDQYP67,1.9173357,2.759225,16.599113,102.45336,16.587353,102.380775,48.678658,281.42328,82.0,99.0,47.0,55.0,76.0,98.0,97.0,99.0,67.0,90.0,81.0,99.0,80.0,100.0,100.0,100.0,86.0,99.0,82.0,97.0,54.0,99.0,56.0,86.0,53.0,8.0,78.0,99.0,88.0,99.0,53.0,66.0,58.0,99.0
US46432F3394,BBG004TRTWV4,QUAL US EQUITY,iShares MSCI USA Quality Factor ETF,BCDL393,1.8940881,2.7770445,12.242785,225.65099,12.210624,224.91917,37.57333,722.7245,86.0,99.0,52.0,65.0,79.0,98.0,99.0,100.0,69.0,91.0,79.0,100.0,68.0,100.0,100.0,100.0,85.0,100.0,85.0,97.0,68.0,100.0,60.0,87.0,58.0,17.0,80.0,99.0,91.0,99.0,77.0,88.0,61.0,99.0
US78468R8126,BBG008HB6486,QUS US EQUITY,SPDR MSCI USA StrategicFactors ETF,BWWFJ09,2.1820238,2.5274453,34.309097,358.4031,34.1382,356.0111,119.84646,675.24146,85.0,99.0,43.0,51.0,79.0,98.0,89.0,100.0,66.0,90.0,73.0,100.0,71.0,99.0,85.0,100.0,83.0,99.0,89.0,98.0,63.0,99.0,56.0,86.0,57.0,25.0,78.0,99.0,91.0,99.0,75.0,92.0,58.0,99.0
US74926P3819,BBG001Y0ST14,RGHYX US EQUITY,RBC BlueBay High Yield Bond Fund,B3ZWSG3,2.3461342,2.7019384,71.20047,380.07526,47.685947,253.84018,92.65543,709.7513,71.0,97.0,22.0,29.0,75.0,94.0,100.0,100.0,60.0,83.0,93.0,100.0,95.0,99.0,100.0,100.0,94.0,100.0,79.0,95.0,79.0,100.0,51.0,80.0,61.0,25.0,73.0,97.0,95.0,99.0,91.0,84.0,47.0,98.0
US8085242019,BBG000PS05G1,SCHX US EQUITY,Schwab US Large-Cap ETF,B59L0B9,2.1670902,2.5238545,29.77595,504.4853,29.722155,503.2558,89.13252,695.4934,84.0,99.0,46.0,56.0,78.0,98.0,89.0,99.0,66.0,90.0,75.0,100.0,73.0,99.0,85.0,99.0,83.0,99.0,88.0,99.0,58.0,99.0,56.0,86.0,54.0,21.0,78.0,99.0,90.0,100.0,69.0,82.0,59.0,99.0
US78464A7634,BBG000KN18M3,SDY US EQUITY,SPDR S&P Dividend ETF,B0Q4PL1,2.3064573,2.803166,72.25141,612.1377,72.053635,610.4621,295.84393,1910.8926,85.0,100.0,26.0,32.0,82.0,97.0,89.0,100.0,61.0,88.0,83.0,100.0,77.0,100.0,87.0,100.0,83.0,100.0,84.0,97.0,74.0,100.0,55.0,84.0,50.0,15.0,78.0,100.0,95.0,100.0,71.0,98.0,57.0,100.0
US4812C05303,BBG000BFZP81,SEEGX US EQUITY,JPMorgan Large Cap Growth Fund,B1HTK51,2.143198,2.5257862,5.746669,79.50698,5.623854,77.70378,19.943426,300.15967,83.0,99.0,53.0,68.0,75.0,97.0,100.0,100.0,69.0,91.0,67.0,99.0,63.0,100.0,95.0,99.0,81.0,100.0,91.0,99.0,54.0,100.0,54.0,87.0,52.0,16.0,77.0,99.0,88.0,100.0,79.0,82.0,58.0,99.0
US41665H7897,BBG007K5C275,SEMTX US EQUITY,Hartford Schroders Emerging Markets Equity Fund,BD6GP30,2.1863496,2.5578408,38.373436,272.3048,37.352085,265.05713,86.57084,592.7511,55.0,99.0,19.0,22.0,71.0,93.0,94.0,100.0,62.0,89.0,96.0,100.0,97.0,100.0,89.0,100.0,89.0,99.0,76.0,96.0,88.0,100.0,63.0,89.0,54.0,27.0,61.0,98.0,92.0,99.0,63.0,89.0,36.0,99.0
US8085094428,BBG000R36XL1,SFLNX US EQUITY,Schwab Fundamental U.S. Large Company Index Fund,B3R85G8,2.3076537,2.5847805,58.490005,504.16373,58.05936,500.37738,144.37321,871.034,84.0,99.0,42.0,46.0,78.0,98.0,87.0,100.0,64.0,90.0,71.0,99.0,69.0,100.0,83.0,99.0,81.0,99.0,90.0,99.0,62.0,100.0,54.0,85.0,56.0,28.0,78.0,99.0,90.0,99.0,80.0,90.0,59.0,99.0
US8085093768,BBG000R36WW1,SFNNX US EQUITY,Schwab Fundamental International Equity Index Fund,B5ZQGB0,1.9639649,2.452706,140.73767,1115.5973,136.6923,1083.5304,158.29967,1421.1831,65.0,99.0,32.0,64.0,74.0,95.0,90.0,99.0,66.0,92.0,86.0,99.0,80.0,100.0,85.0,99.0,78.0,99.0,98.0,98.0,76.0,100.0,64.0,93.0,70.0,39.0,66.0,99.0,92.0,100.0,90.0,97.0,55.0,100.0
US8085094188,BBG000R36YR3,SFSNX US EQUITY,Schwab Fundamental U.S. Small Company Index Fund,B6TDF51,2.5409906,2.9026628,62.610695,345.67215,62.028347,340.8952,122.52325,675.093,79.0,99.0,9.0,5.0,79.0,96.0,100.0,100.0,57.0,79.0,98.0,99.0,96.0,100.0,100.0,100.0,99.0,99.0,35.0,98.0,88.0,100.0,49.0,72.0,41.0,18.0,73.0,99.0,99.0,99.0,65.0,80.0,50.0,99.0
US8603248548,BBG000VDT5Y6,SGISX US EQUITY,Steward Global Equity Income Fund,-,2.258453,2.5756202,39.301872,376.93884,39.106026,375.06052,105.195045,898.0609,83.0,98.0,23.0,40.0,81.0,96.0,93.0,100.0,68.0,90.0,87.0,100.0,76.0,99.0,97.0,100.0,84.0,100.0,95.0,97.0,68.0,100.0,60.0,88.0,65.0,33.0,79.0,98.0,97.0,99.0,93.0,90.0,57.0,98.0
US78464A8475,BBG000KMBFP5,SPMD US EQUITY,SPDR Portfolio S&P 400 Mid Cap ETF,B0Q4NP1,2.7120037,2.6171196,53.12212,449.465,52.91383,447.70267,110.64412,896.8827,81.0,99.0,13.0,9.0,80.0,96.0,100.0,99.0,59.0,82.0,99.0,99.0,98.0,100.0,100.0,99.0,99.0,99.0,49.0,98.0,89.0,100.0,50.0,75.0,44.0,20.0,75.0,98.0,100.0,100.0,60.0,84.0,51.0,99.0
US78462F1030,BBG000BDTBL9,SPY US EQUITY,SPDR S&P 500 ETF Trust,2840215,2.158693,2.5183785,29.599064,520.62134,29.547543,519.6083,90.99826,691.11804,84.0,99.0,49.0,59.0,78.0,98.0,88.0,100.0,66.0,91.0,74.0,100.0,71.0,100.0,84.0,100.0,83.0,99.0,91.0,99.0,56.0,100.0,56.0,86.0,55.0,22.0,78.0,99.0,89.0,99.0,69.0,81.0,60.0,99.0
US46429B7477,BBG0019SRJP8,STIP US EQUITY,iShares 0-5 Year TIPS Bond ETF,B4N6VX2,,,,,,,,,,0.0,,0.0,66.0,96.0,,0.0,56.0,100.0,,0.0,,0.0,,0.0,,0.0,,0.0,,0.0,66.0,94.0,,0.0,,0.0,,0.0,,0.0,,0.0
US4642888022,BBG000QN82F1,SUSA US EQUITY,iShares MSCI USA ESG Select ETF,B053F20,2.100009,2.121222,17.202408,791.2119,17.16888,788.7321,49.225613,1094.5438,85.0,99.0,48.0,55.0,81.0,98.0,100.0,99.0,68.0,91.0,84.0,99.0,83.0,100.0,100.0,99.0,89.0,99.0,88.0,97.0,71.0,100.0,60.0,88.0,56.0,22.0,80.0,99.0,94.0,100.0,83.0,81.0,62.0,100.0
US9011651000,BBG000BK8281,TBGVX US EQUITY,Tweedy Browne International Value Fund,2887676,2.093008,2.3786683,47.129093,647.38995,44.42841,610.29193,84.56588,748.46014,65.0,98.0,41.0,56.0,75.0,92.0,94.0,99.0,65.0,89.0,93.0,100.0,81.0,100.0,72.0,99.0,89.0,100.0,85.0,90.0,82.0,99.0,60.0,89.0,64.0,25.0,74.0,98.0,94.0,100.0,71.0,87.0,58.0,99.0
US87245R6725,BBG0033YCWC8,TSBIX US EQUITY,Nuveen Core Impact Bond Fund,B8NG442,2.1605606,2.5181262,137.82182,536.5777,38.053707,130.71822,439.01093,17355.377,72.0,92.0,33.0,38.0,72.0,95.0,92.0,99.0,59.0,90.0,71.0,99.0,79.0,100.0,74.0,100.0,75.0,100.0,88.0,91.0,64.0,100.0,60.0,90.0,61.0,30.0,75.0,96.0,92.0,99.0,97.0,98.0,55.0,97.0
US33740F8885,BBG00L2NXVS5,UCON US EQUITY,First Trust Tcw Unconstrained Plus Bond Etf,BD9MH84,2.0920978,2.690311,54.069286,410.7217,13.457342,99.808044,114.9445,722.6788,81.0,97.0,33.0,48.0,71.0,96.0,99.0,100.0,61.0,94.0,87.0,100.0,88.0,100.0,100.0,100.0,89.0,100.0,85.0,96.0,63.0,99.0,59.0,89.0,61.0,34.0,80.0,99.0,92.0,100.0,91.0,86.0,55.0,99.0
US97717Y5270,BBG005YHYNF9,USFR US EQUITY,WisdomTree Floating Rate Treasury Fund,BPSK772,,,,,,,,,,0.0,,0.0,66.0,96.0,,0.0,56.0,100.0,,0.0,,0.0,,0.0,,0.0,,0.0,,0.0,66.0,94.0,,0.0,,0.0,,0.0,,0.0,,0.0
US9219095034,BBG000BTB8B1,VASGX US EQUITY,Vanguard LifeStrategy Growth Fund,B6Z97Y6,2.2847,2.5312815,54.96694,531.10956,46.113304,441.77814,154.65991,976.64154,74.0,98.0,39.0,51.0,75.0,96.0,92.0,99.0,64.0,90.0,81.0,99.0,79.0,99.0,88.0,100.0,85.0,99.0,86.0,96.0,69.0,99.0,59.0,88.0,59.0,30.0,73.0,99.0,92.0,99.0,79.0,86.0,55.0,99.0
US9229087518,BBG000HT3Z79,VB US EQUITY,Vanguard Small-Cap ETF,2353649,2.391138,2.7186916,55.899384,439.35828,54.327477,422.94385,125.94934,935.4776,80.0,99.0,11.0,8.0,79.0,96.0,100.0,100.0,59.0,81.0,96.0,99.0,96.0,100.0,100.0,99.0,99.0,99.0,50.0,98.0,90.0,100.0,51.0,74.0,44.0,19.0,73.0,99.0,99.0,100.0,54.0,84.0,51.0,99.0
US9219312009,BBG000BVV6T9,VBIAX US EQUITY,Vanguard Balanced Index Fund,B7LSZ84,2.2288811,2.5816038,37.43634,435.13486,26.199104,301.2813,117.118744,900.70245,82.0,98.0,43.0,51.0,74.0,97.0,90.0,100.0,63.0,92.0,75.0,100.0,74.0,99.0,85.0,100.0,83.0,100.0,85.0,97.0,59.0,100.0,57.0,87.0,55.0,24.0,77.0,99.0,91.0,99.0,73.0,84.0,58.0,99.0
US9219378018,BBG000BZ0PS3,VBILX US EQUITY,Vanguard Intermediate-Term Bond Index Fund,B4PPPL3,2.186007,2.5496318,64.213905,448.2026,25.065191,166.14162,231.1989,1267.5437,78.0,94.0,31.0,42.0,70.0,96.0,94.0,99.0,60.0,95.0,75.0,100.0,77.0,100.0,87.0,100.0,84.0,100.0,86.0,93.0,67.0,100.0,62.0,90.0,63.0,32.0,74.0,96.0,90.0,99.0,82.0,86.0,54.0,97.0
US9219378844,BBG000C2YP53,VBIMX US EQUITY,Vanguard Intermediate-Term Bond Index Fund,B6TBTF3,2.186007,2.5496318,64.213905,448.2026,25.065191,166.14162,231.1989,1267.5437,78.0,94.0,31.0,42.0,70.0,96.0,94.0,99.0,60.0,95.0,75.0,100.0,77.0,100.0,87.0,100.0,84.0,100.0,86.0,93.0,67.0,100.0,62.0,90.0,63.0,32.0,74.0,96.0,90.0,99.0,82.0,86.0,54.0,97.0
US9219375048,BBG000BFPBQ3,VBTIX US EQUITY,Vanguard Total Bond Market Index Fund,2724944,2.1972685,2.5865898,64.252655,435.34024,17.499044,111.06879,230.68642,2176.9653,77.0,93.0,32.0,41.0,69.0,96.0,92.0,100.0,59.0,95.0,73.0,99.0,75.0,99.0,82.0,100.0,82.0,99.0,86.0,93.0,64.0,100.0,62.0,91.0,62.0,32.0,74.0,95.0,89.0,100.0,79.0,89.0,54.0,97.0
US9219376038,BBG000D3C8B5,VBTLX US EQUITY,Vanguard Total Bond Market Index Fund,B4TGRF0,2.1972685,2.5865898,64.252655,435.34024,17.499044,111.06879,230.68642,2176.9653,77.0,93.0,32.0,41.0,69.0,96.0,92.0,100.0,59.0,95.0,73.0,99.0,75.0,99.0,82.0,100.0,82.0,99.0,86.0,93.0,64.0,100.0,62.0,91.0,62.0,32.0,74.0,95.0,89.0,100.0,79.0,89.0,54.0,97.0
US9220214079,BBG000BZ7ML0,VCADX US EQUITY,Vanguard California Intermediate-Term Tax-Exempt Fund,B58GKY8,,,,,,,,,,0.0,,0.0,64.0,100.0,,0.0,48.0,100.0,,0.0,,0.0,,0.0,,0.0,,0.0,,0.0,63.0,100.0,,0.0,,0.0,,0.0,,0.0,,0.0
US92206C4096,BBG000PWXXY5,VCSH US EQUITY,Vanguard Short-Term Corporate Bond ETF,B4N0G06,2.13787,2.5191982,47.726147,346.04843,46.173397,334.11563,162.71341,975.06464,80.0,97.0,32.0,46.0,78.0,96.0,92.0,99.0,67.0,89.0,74.0,100.0,73.0,100.0,80.0,99.0,81.0,100.0,92.0,96.0,66.0,99.0,56.0,86.0,67.0,42.0,74.0,97.0,89.0,99.0,76.0,88.0,55.0,97.0
US9219438580,BBG000QVFB47,VEA US EQUITY,Vanguard FTSE Developed Markets ETF,B23MX41,2.0027378,2.4366148,63.494534,783.2261,62.078205,765.3707,149.29692,1344.63,66.0,98.0,32.0,60.0,75.0,94.0,93.0,99.0,67.0,91.0,90.0,100.0,83.0,100.0,89.0,99.0,88.0,100.0,94.0,97.0,83.0,100.0,64.0,91.0,69.0,41.0,69.0,98.0,93.0,99.0,89.0,91.0,55.0,99.0
US9219438580,BBG000QVFB47,VEA US EQUITY,Vanguard FTSE Developed Markets ETF,B23MX41,2.0027378,2.4366148,63.494534,783.2261,62.078205,765.3707,149.29692,1344.63,66.0,98.0,32.0,60.0,75.0,94.0,93.0,99.0,67.0,91.0,90.0,100.0,83.0,100.0,89.0,99.0,88.0,100.0,94.0,97.0,83.0,100.0,64.0,91.0,69.0,41.0,69.0,98.0,93.0,99.0,89.0,91.0,55.0,99.0
US9219087940,BBG00PNMRV66,VESGX US EQUITY,Vanguard Global ESG Select Stock Fund,-,1.6326852,1.8265779,8.533811,191.54912,8.567725,192.31035,31.623915,680.4587,79.0,97.0,44.0,66.0,80.0,97.0,100.0,100.0,72.0,93.0,88.0,99.0,81.0,99.0,100.0,99.0,92.0,99.0,97.0,94.0,67.0,100.0,67.0,90.0,71.0,49.0,80.0,97.0,95.0,99.0,89.0,84.0,60.0,97.0
US9220427754,BBG000HMNZV5,VEU US EQUITY,Vanguard FTSE All-World ex-US ETF,B1TWZH5,2.317348,2.4761305,80.888916,665.1451,79.1698,649.84753,207.53311,1161.8329,62.0,99.0,29.0,52.0,73.0,94.0,94.0,100.0,66.0,91.0,90.0,99.0,85.0,99.0,90.0,100.0,89.0,100.0,88.0,97.0,84.0,100.0,64.0,91.0,65.0,39.0,68.0,99.0,92.0,99.0,86.0,90.0,50.0,99.0
US9229087104,BBG000BSRLX3,VFIAX US EQUITY,Vanguard 500 Index Fund,B0BWF10,2.1768148,2.5310469,29.980837,483.93143,29.92796,482.98434,93.66563,674.57385,84.0,99.0,48.0,58.0,78.0,98.0,88.0,100.0,66.0,91.0,73.0,100.0,71.0,99.0,84.0,100.0,82.0,100.0,91.0,99.0,56.0,99.0,56.0,86.0,54.0,23.0,78.0,99.0,89.0,100.0,71.0,82.0,60.0,99.0
US9220318516,BBG000BWK4Y8,VFIRX US EQUITY,Vanguard Short-Term Treasury Fund,2847012,,,,,,,,,,0.0,,0.0,66.0,96.0,,0.0,56.0,100.0,,0.0,,0.0,,0.0,,0.0,,0.0,,0.0,66.0,94.0,,0.0,,0.0,,0.0,,0.0,,0.0
US9220318284,BBG000BGYWX7,VFIUX US EQUITY,Vanguard Intermediate-Term Treasury Fund,2791722,,,0.0523278,2.147951,0.0005806,0.0267379,8.971931,66.27153,88.0,99.0,,0.0,66.0,96.0,,0.0,56.0,99.0,,0.0,92.0,99.0,,0.0,,0.0,1.0,99.0,,0.0,66.0,93.0,50.0,0.0,81.0,99.0,100.0,99.0,,0.0,55.0,99.0
US9220318367,BBG000BWHMV5,VFSUX US EQUITY,Vanguard Short-Term Investment Grade Fund,B0P5QW3,2.1850114,2.7423954,78.96996,543.51013,62.88701,428.74814,217.15958,1218.6165,78.0,96.0,28.0,41.0,75.0,95.0,97.0,100.0,64.0,90.0,68.0,100.0,67.0,100.0,91.0,99.0,86.0,100.0,90.0,96.0,70.0,100.0,58.0,87.0,63.0,39.0,73.0,96.0,89.0,99.0,76.0,88.0,54.0,97.0
US9219107177,BBG00N878159,VFTAX US EQUITY,Vanguard FTSE Social Index Fund,-,1.8794708,2.2589414,9.881051,113.40791,9.874704,113.276794,27.224243,362.85144,84.0,99.0,49.0,63.0,78.0,97.0,96.0,99.0,68.0,91.0,76.0,100.0,76.0,99.0,100.0,100.0,84.0,100.0,86.0,99.0,56.0,100.0,57.0,87.0,57.0,24.0,79.0,99.0,90.0,100.0,64.0,75.0,60.0,100.0
US92206C7065,BBG000PX0963,VGIT US EQUITY,Vanguard Intermediate-Term Treasury ETF,B4K0KC9,,,,,,,,,,0.0,,0.0,66.0,96.0,,0.0,56.0,100.0,,0.0,,0.0,,0.0,,0.0,,0.0,,0.0,66.0,94.0,,0.0,,0.0,,0.0,,0.0,,0.0
US9220428745,BBG000HT8SM3,VGK US EQUITY,Vanguard FTSE Europe ETF,B06HML9,1.733077,2.2044485,57.755787,787.73267,57.11391,778.5861,81.80354,1341.7422,71.0,99.0,43.0,78.0,79.0,96.0,88.0,100.0,71.0,93.0,87.0,100.0,77.0,100.0,82.0,100.0,87.0,100.0,97.0,99.0,78.0,99.0,66.0,95.0,72.0,47.0,83.0,99.0,90.0,100.0,90.0,89.0,65.0,99.0
US9219091074,BBG000BCKKR4,VGSTX US EQUITY,Vanguard STAR Fund,2003676,2.156559,2.3399155,34.8652,429.32706,20.685156,254.18427,71.795166,771.18335,77.0,99.0,38.0,48.0,76.0,97.0,92.0,100.0,66.0,89.0,85.0,99.0,82.0,99.0,88.0,100.0,87.0,100.0,84.0,97.0,69.0,100.0,58.0,87.0,58.0,24.0,76.0,99.0,93.0,100.0,68.0,83.0,56.0,99.0
US92204A7028,BBG000HSZQ76,VGT US EQUITY,Vanguard Information Technology ETF,2354266,1.7948226,2.2752082,2.9580364,49.145058,2.9452178,48.871807,16.528296,184.35841,85.0,99.0,44.0,61.0,78.0,98.0,,0.0,68.0,90.0,79.0,100.0,97.0,100.0,,0.0,87.0,100.0,92.0,96.0,72.0,99.0,58.0,87.0,50.0,0.0,80.0,99.0,90.0,99.0,25.0,68.0,67.0,99.0
US92204A8273,BBG000JRNVX9,VHCIX US EQUITY,Vanguard Health Care Index Fund,2348151,1.9214299,2.653123,2.460562,45.754925,2.3678927,43.90834,11.788305,123.042076,79.0,99.0,35.0,47.0,80.0,99.0,,0.0,69.0,96.0,80.0,99.0,74.0,99.0,,0.0,88.0,100.0,47.0,99.0,,0.0,65.0,94.0,50.0,0.0,75.0,99.0,95.0,99.0,,0.0,53.0,99.0
US9219467860,BBG00N878177,VHYAX US EQUITY,Vanguard High Dividend Yield Index Fund,-,2.2952962,2.6235151,54.0083,478.5942,53.999996,478.44595,182.95744,1099.9005,85.0,99.0,34.0,41.0,79.0,98.0,85.0,100.0,65.0,90.0,68.0,100.0,65.0,100.0,83.0,100.0,79.0,100.0,90.0,98.0,60.0,99.0,55.0,87.0,56.0,31.0,78.0,99.0,90.0,99.0,83.0,80.0,57.0,99.0
US9219088443,BBG000P5G869,VIG US EQUITY,Vanguard Dividend Appreciation ETF,B13V1N6,2.315843,2.5063608,29.517254,290.92355,29.435001,290.11288,95.25932,670.67725,86.0,99.0,43.0,51.0,79.0,98.0,82.0,100.0,66.0,90.0,71.0,100.0,68.0,100.0,77.0,100.0,83.0,100.0,84.0,98.0,55.0,99.0,57.0,86.0,54.0,24.0,79.0,99.0,92.0,99.0,86.0,75.0,60.0,99.0
US9220401007,BBG000BBVG11,VINIX US EQUITY,Vanguard Institutional Index Fund,2112044,2.176811,2.5313907,29.952347,483.54694,29.916449,482.87402,93.563095,674.01355,84.0,99.0,48.0,58.0,78.0,98.0,88.0,100.0,66.0,91.0,73.0,99.0,71.0,100.0,84.0,100.0,82.0,99.0,91.0,99.0,56.0,99.0,56.0,86.0,55.0,23.0,78.0,99.0,89.0,100.0,71.0,82.0,60.0,99.0
US9229088011,BBG000BQLK10,VITSX US EQUITY,Vanguard Total Stock Market Index Fund,-,2.2401578,2.5796857,32.646885,438.071,32.405605,434.3299,96.86481,693.1458,83.0,99.0,45.0,52.0,78.0,97.0,89.0,99.0,65.0,90.0,75.0,99.0,75.0,100.0,86.0,100.0,83.0,100.0,85.0,99.0,59.0,100.0,55.0,85.0,53.0,23.0,77.0,99.0,91.0,99.0,72.0,83.0,59.0,99.0
US92204X1081,BBG000CPHZP7,VMATX US EQUITY,Vanguard Massachusetts Tax-Exempt Fund,BYZRXD7,,,,,,,,,,0.0,,0.0,69.0,100.0,,0.0,45.0,100.0,,0.0,,0.0,,0.0,,0.0,,0.0,,0.0,73.0,100.0,,0.0,,0.0,,0.0,,0.0,,0.0
US92206C7719,BBG000PX1043,VMBS US EQUITY,Vanguard Mortgage-Backed Securities ETF,B4KVGF7,,,0.0775136,2.2145948,0.0002802,0.008006,3.3244963,68.64909,88.0,99.0,,0.0,80.0,91.0,,0.0,79.0,49.0,,0.0,100.0,99.0,,0.0,,0.0,1.0,99.0,,0.0,39.0,78.0,50.0,0.0,81.0,99.0,100.0,99.0,,0.0,67.0,99.0
US9229078863,BBG000BWGW17,VMLUX US EQUITY,Vanguard Limited-Term Tax-Exempt Fund,B677YD6,2.9471073,3.1,60.59619,264.2362,0.7805153,1.4725883,131.9854,881.8055,74.0,91.0,4.0,0.0,65.0,97.0,100.0,100.0,53.0,95.0,100.0,100.0,100.0,100.0,100.0,100.0,100.0,100.0,49.0,91.0,,0.0,65.0,96.0,50.0,0.0,75.0,91.0,100.0,100.0,,0.0,60.0,100.0
US92204F3055,BBG000BWZWK5,VNJUX US EQUITY,Vanguard New Jersey Long-Term Tax-Exempt Fund,B6SW957,,,,,,,,,,0.0,,0.0,68.0,100.0,,0.0,40.0,100.0,,0.0,,0.0,,0.0,,0.0,,0.0,,0.0,70.0,100.0,,0.0,,0.0,,0.0,,0.0,,0.0
US9229085538,BBG000Q89NG6,VNQ US EQUITY,Vanguard Real Estate ETF,B031NY4,1.8714553,2.1248353,5.064088,48.068775,4.9731264,47.205353,46.73015,270.16348,75.0,88.0,33.0,16.0,78.0,82.0,,0.0,64.0,79.0,,0.0,,0.0,100.0,100.0,,0.0,,0.0,,0.0,53.0,67.0,52.0,3.0,75.0,88.0,100.0,99.0,100.0,98.0,53.0,98.0
US92204H3012,BBG000BWZWY0,VNYUX US EQUITY,Vanguard New York Long-Term Tax-Exempt Fund,B6ZM637,,,0.0775136,2.2145948,0.0021527,0.0615024,3.3244963,68.64909,88.0,100.0,,0.0,77.0,93.0,,0.0,75.0,58.0,,0.0,100.0,100.0,,0.0,,0.0,1.0,100.0,,0.0,44.0,82.0,50.0,0.0,81.0,100.0,100.0,100.0,,0.0,67.0,100.0
US9229086296,BBG000HX76S7,VO US EQUITY,Vanguard Mid-Cap ETF,2353757,2.0257277,2.3649538,73.11199,601.16565,72.88102,599.2664,216.52802,1481.1737,82.0,99.0,17.0,20.0,81.0,97.0,95.0,100.0,61.0,86.0,89.0,99.0,91.0,99.0,99.0,99.0,93.0,99.0,85.0,99.0,78.0,100.0,54.0,82.0,51.0,15.0,77.0,99.0,99.0,99.0,69.0,95.0,54.0,99.0
US9229085124,BBG000Q1ZR82,VOE US EQUITY,Vanguard Mid-Cap Value ETF,B1CL9N3,2.087851,2.304885,88.343994,896.6034,88.2239,895.3845,277.68384,1912.022,83.0,98.0,21.0,24.0,82.0,97.0,94.0,100.0,61.0,87.0,82.0,100.0,89.0,100.0,99.0,100.0,90.0,99.0,89.0,98.0,79.0,100.0,55.0,84.0,51.0,22.0,79.0,98.0,98.0,100.0,60.0,96.0,57.0,99.0
US9229083632,BBG0015VYNT4,VOO US EQUITY,Vanguard S&P 500 ETF,BF2GMJ3,2.1768148,2.5310469,29.980837,483.93143,29.92796,482.98434,93.66563,674.57385,84.0,99.0,48.0,58.0,78.0,98.0,88.0,100.0,66.0,91.0,73.0,100.0,71.0,99.0,84.0,100.0,82.0,100.0,91.0,99.0,56.0,99.0,56.0,86.0,54.0,23.0,78.0,99.0,89.0,100.0,71.0,82.0,60.0,99.0
US92204A8844,BBG000HTGPJ4,VOX US EQUITY,Vanguard Communication Services ETF,B031NG6,2.032579,2.1943347,3.885416,20.549835,3.836016,19.959639,10.908725,70.21003,79.0,100.0,47.0,53.0,71.0,97.0,,0.0,63.0,91.0,100.0,100.0,99.0,99.0,,0.0,100.0,100.0,89.0,99.0,,0.0,46.0,81.0,73.0,34.0,79.0,100.0,80.0,100.0,,0.0,48.0,100.0
US92204L3024,BBG000BWZXK3,VPALX US EQUITY,Vanguard Pennsylvania Long-Term Tax-Exempt Fund,B4MNNY9,,,,,,,,,,0.0,,0.0,65.0,100.0,,0.0,51.0,100.0,,0.0,,0.0,,0.0,,0.0,,0.0,,0.0,66.0,100.0,,0.0,,0.0,,0.0,,0.0,,0.0
US9229086866,BBG000BVV879,VSMAX US EQUITY,Vanguard Small-Cap Index Fund,2570062,2.391138,2.7186916,55.899384,439.35828,54.327477,422.94385,125.94934,935.4776,80.0,99.0,11.0,8.0,79.0,96.0,100.0,100.0,59.0,81.0,96.0,99.0,96.0,100.0,100.0,99.0,99.0,99.0,50.0,98.0,90.0,100.0,51.0,74.0,44.0,19.0,73.0,99.0,99.0,100.0,54.0,84.0,51.0,99.0
US9219094045,BBG000BTF9T6,VSMGX US EQUITY,Vanguard LifeStrategy Moderate Growth Fund,B52GGT1,2.2694826,2.5275326,54.631695,524.34143,38.20446,359.98096,156.93234,1101.6942,74.0,98.0,38.0,51.0,73.0,96.0,92.0,99.0,63.0,91.0,80.0,99.0,79.0,100.0,88.0,99.0,85.0,99.0,86.0,96.0,68.0,99.0,60.0,88.0,59.0,30.0,74.0,98.0,91.0,99.0,79.0,86.0,55.0,99.0
US9220427424,BBG000GM5FZ6,VT US EQUITY,Vanguard Total World Stock ETF,B3B9QW0,2.297442,2.5329542,52.449055,523.28516,51.672943,514.8258,146.64026,862.43555,75.0,99.0,40.0,52.0,76.0,96.0,91.0,99.0,65.0,90.0,80.0,100.0,78.0,99.0,88.0,99.0,85.0,100.0,86.0,97.0,68.0,100.0,58.0,87.0,58.0,29.0,74.0,99.0,91.0,99.0,78.0,86.0,55.0,99.0
US9229087690,BBG000HR9779,VTI US EQUITY,Vanguard Total Stock Market ETF,2762568,2.2401578,2.5796857,32.646885,438.071,32.405605,434.3299,96.86481,693.1458,83.0,99.0,45.0,52.0,78.0,97.0,89.0,99.0,65.0,90.0,75.0,99.0,75.0,100.0,86.0,100.0,83.0,100.0,85.0,99.0,59.0,100.0,55.0,85.0,53.0,23.0,77.0,99.0,91.0,99.0,72.0,83.0,59.0,99.0
US9219098186,BBG00193C8D6,VTIAX US EQUITY,Vanguard Total International Stock Index Fund,B3Y4F14,2.3259923,2.5094647,87.494965,675.47626,84.66461,652.2773,233.63066,1170.8887,61.0,98.0,29.0,49.0,73.0,94.0,94.0,100.0,65.0,90.0,91.0,100.0,85.0,99.0,90.0,100.0,89.0,100.0,87.0,95.0,85.0,99.0,64.0,90.0,63.0,37.0,67.0,98.0,93.0,100.0,86.0,90.0,49.0,99.0
US9229087286,BBG000BVV8K4,VTSAX US EQUITY,Vanguard Total Stock Market Index Fund,B0BZGD8,2.2401578,2.5796857,32.646885,438.071,32.405605,434.3299,96.86481,693.1458,83.0,99.0,45.0,52.0,78.0,97.0,89.0,99.0,65.0,90.0,75.0,99.0,75.0,100.0,86.0,100.0,83.0,100.0,85.0,99.0,59.0,100.0,55.0,85.0,53.0,23.0,77.0,99.0,91.0,99.0,72.0,83.0,59.0,99.0
US9229087443,BBG000HWV1X7,VTV US EQUITY,Vanguard Value ETF,2353638,2.1880126,2.4695044,61.08171,420.07675,60.90824,418.88373,189.76149,1015.3333,83.0,99.0,34.0,40.0,79.0,97.0,85.0,100.0,64.0,90.0,70.0,100.0,68.0,100.0,81.0,99.0,79.0,100.0,93.0,99.0,64.0,99.0,54.0,84.0,55.0,33.0,76.0,99.0,91.0,99.0,86.0,96.0,57.0,99.0
US9229087369,BBG000HT2CB6,VUG US EQUITY,Vanguard Growth ETF,2353843,2.1345694,2.8801072,3.6958368,553.6997,3.6883876,552.5837,14.895772,405.25546,84.0,99.0,51.0,70.0,77.0,98.0,100.0,100.0,67.0,91.0,76.0,99.0,79.0,100.0,100.0,100.0,85.0,99.0,85.0,98.0,53.0,99.0,57.0,87.0,54.0,12.0,79.0,99.0,89.0,99.0,37.0,70.0,61.0,99.0
US9229086379,BBG000HSZ812,VV US EQUITY,Vanguard Large-Cap ETF,2353661,2.1829696,2.5325522,28.959387,474.3411,28.904774,473.4466,91.90343,657.9961,84.0,99.0,47.0,58.0,78.0,98.0,87.0,100.0,66.0,91.0,72.0,99.0,71.0,100.0,83.0,99.0,82.0,100.0,90.0,99.0,56.0,99.0,56.0,86.0,54.0,23.0,78.0,99.0,89.0,99.0,72.0,81.0,60.0,99.0
US9219105015,BBG000BYKX98,VWILX US EQUITY,Vanguard International Growth Fund,B5VXP18,2.2036111,2.298269,13.872349,273.15985,13.538812,264.5676,32.615334,763.57043,64.0,99.0,36.0,50.0,72.0,95.0,91.0,100.0,68.0,87.0,93.0,100.0,85.0,100.0,88.0,100.0,91.0,99.0,78.0,95.0,75.0,100.0,64.0,89.0,59.0,20.0,75.0,99.0,95.0,100.0,76.0,84.0,53.0,100.0
US9229078780,BBG000BWHPG5,VWIUX US EQUITY,Vanguard Intermediate-Term Tax-Exempt Fund,B3MBSP2,3.082405,3.1,109.72486,155.29745,0.8397134,0.9093908,220.35916,365.45203,74.0,87.0,4.0,0.0,65.0,98.0,100.0,100.0,52.0,96.0,100.0,100.0,100.0,100.0,100.0,100.0,100.0,100.0,46.0,87.0,,0.0,65.0,97.0,50.0,0.0,74.0,87.0,100.0,100.0,,0.0,59.0,100.0
US9220428588,BBG000HT88C8,VWO US EQUITY,Vanguard FTSE Emerging Markets ETF,B06HMH5,2.7259934,2.9253857,151.14973,386.01907,145.1296,368.33142,456.8855,705.6823,49.0,98.0,18.0,20.0,68.0,92.0,98.0,100.0,59.0,87.0,95.0,99.0,97.0,100.0,95.0,99.0,93.0,100.0,67.0,90.0,89.0,100.0,63.0,87.0,49.0,28.0,61.0,98.0,93.0,99.0,79.0,87.0,32.0,99.0
US9229078038,BBG000BWH1W0,VWSUX US EQUITY,Vanguard Ultra-Short-Term Tax - Exempt Fund,B6S7LB2,3.1,3.1,11.931595,344.2616,0.3699713,0.803782,26.438448,643.05475,45.0,67.0,5.0,0.0,64.0,97.0,100.0,100.0,53.0,96.0,100.0,100.0,100.0,100.0,100.0,100.0,100.0,99.0,69.0,67.0,,0.0,65.0,97.0,50.0,0.0,57.0,67.0,100.0,100.0,,0.0,43.0,100.0
US9219464065,BBG000QBYWJ8,VYM US EQUITY,Vanguard High Dividend Yield ETF,B1HLJ94,2.2952962,2.6235151,54.0083,478.5942,53.999996,478.44595,182.95744,1099.9005,85.0,99.0,34.0,41.0,79.0,98.0,85.0,100.0,65.0,90.0,68.0,100.0,65.0,100.0,83.0,100.0,79.0,100.0,90.0,98.0,60.0,99.0,55.0,87.0,56.0,31.0,78.0,99.0,90.0,99.0,83.0,80.0,57.0,99.0
US1011568755,BBG003578PR9,WASMX US EQUITY,Boston Trust Walden SMID Cap Fund,B57DBT2,2.4264605,2.3054738,7.464501,206.0376,7.3973246,204.18338,18.280273,351.51648,82.0,99.0,16.0,12.0,81.0,97.0,100.0,100.0,61.0,86.0,100.0,100.0,95.0,99.0,100.0,100.0,100.0,100.0,44.0,100.0,94.0,99.0,51.0,75.0,41.0,18.0,77.0,99.0,99.0,99.0,43.0,90.0,52.0,99.0
US4614184442,BBG001QB6BQ5,WCMIX US EQUITY,WCM Focused International Growth Fund,B63K1M7,1.8172919,2.2248347,26.742609,2292.289,26.22345,2247.7883,76.40243,2740.346,68.0,99.0,31.0,52.0,73.0,96.0,100.0,100.0,65.0,88.0,90.0,99.0,82.0,100.0,100.0,100.0,93.0,100.0,84.0,100.0,84.0,99.0,60.0,88.0,56.0,23.0,73.0,99.0,89.0,99.0,70.0,83.0,53.0,99.0
US97181C4151,BBG000PVPJG7,WMLIX US EQUITY,Wilmington Large-Cap Strategy Fund,B5LYGN0,2.2067091,2.5433967,30.71399,467.23734,30.650286,465.9614,92.94871,685.39014,84.0,99.0,46.0,54.0,78.0,97.0,88.0,100.0,65.0,90.0,74.0,100.0,73.0,99.0,85.0,100.0,83.0,99.0,87.0,99.0,58.0,99.0,56.0,85.0,54.0,23.0,78.0,99.0,90.0,99.0,71.0,82.0,59.0,99.0
US81369Y8527,BBG00L5F9F38,XLC US EQUITY,Communication Services Select Sector SPDR Fund,BFXHC51,2.2719607,2.2531433,4.4119916,22.358896,4.403404,22.315378,10.622143,63.662548,81.0,100.0,40.0,43.0,72.0,98.0,,0.0,65.0,91.0,100.0,100.0,100.0,100.0,,0.0,100.0,100.0,83.0,100.0,,0.0,45.0,79.0,71.0,24.0,81.0,100.0,82.0,100.0,,0.0,51.0,100.0
US81369Y5069,BBG000BJ20S2,XLE US EQUITY,Energy Select Sector SPDR Fund,2402466,2.710126,3.0252204,189.73495,1921.5184,188.41444,1908.1453,378.70782,3955.1274,88.0,100.0,15.0,21.0,81.0,99.0,87.0,100.0,62.0,85.0,,0.0,,0.0,82.0,100.0,58.0,100.0,94.0,100.0,,0.0,57.0,84.0,66.0,32.0,77.0,100.0,91.0,100.0,98.0,100.0,63.0,100.0
US81369Y6059,BBG000BJ29X7,XLF US EQUITY,Financial Select Sector SPDR Fund,2364038,3.086573,3.0820694,11.72102,66.95341,11.704335,66.8581,32.0803,259.27145,84.0,99.0,46.0,63.0,77.0,98.0,,0.0,74.0,88.0,,0.0,80.0,99.0,,0.0,,0.0,90.0,100.0,,0.0,50.0,82.0,64.0,87.0,72.0,99.0,92.0,99.0,,0.0,57.0,99.0
US81369Y8865,BBG000BJ7G75,XLU US EQUITY,Utilities Select Sector SPDR Fund,2371812,1.9515105,3.0416362,448.5469,457.2381,446.54126,455.19357,1827.7606,1769.0933,88.0,100.0,7.0,1.0,84.0,98.0,100.0,100.0,47.0,79.0,,0.0,,0.0,,0.0,78.0,100.0,99.0,100.0,,0.0,54.0,85.0,51.0,2.0,80.0,100.0,94.0,100.0,1.0,100.0,49.0,100.0
